<?xml version="1.0" encoding="UTF-8"?>
<doublecmd DCVersion="1.1.28 gamma" ConfigVersion="15">
  <MainWindow>
    <Position Save="True">
      <Maximized>True</Maximized>
      <Splitter>50</Splitter>
      <Left>0</Left>
      <Top>0</Top>
      <Width>958</Width>
      <Height>980</Height>
      <PixelsPerInch>96</PixelsPerInch>
    </Position>
  </MainWindow>
  <Toolbars>
    <MainToolbar>
      <Row>
        <Command>
          <ID>{0E6E6392-8771-41F9-8507-6AC588DD19C7}</ID>
          <Icon>cm_refresh</Icon>
          <Command>cm_Refresh</Command>
        </Command>
        <Command>
          <ID>{C97A503F-1730-4C9D-B07B-174DDC1245D5}</ID>
          <Icon>cm_runterm</Icon>
          <Command>cm_RunTerm</Command>
        </Command>
        <Command>
          <ID>{0DB4E126-C166-4979-8F25-374963DC15C5}</ID>
          <Icon>cm_options</Icon>
          <Command>cm_Options</Command>
        </Command>
        <Separator>
          <Style>False</Style>
        </Separator>
        <Command>
          <ID>{0D0F9EA6-EABD-4966-B034-B78763A828FE}</ID>
          <Icon>cm_briefview</Icon>
          <Command>cm_BriefView</Command>
        </Command>
        <Command>
          <ID>{37950AA0-F111-4391-944B-56CE05F3D042}</ID>
          <Icon>cm_columnsview</Icon>
          <Command>cm_ColumnsView</Command>
        </Command>
        <Command>
          <ID>{B3FC9F0D-AF35-4725-BC81-E2BDC43AD8ED}</ID>
          <Icon>cm_thumbnailsview</Icon>
          <Command>cm_ThumbnailsView</Command>
        </Command>
        <Separator>
          <Style>False</Style>
        </Separator>
        <Command>
          <ID>{0878A616-C8DC-48E3-995C-CD2A8EF9EC4C}</ID>
          <Icon>cm_flatview</Icon>
          <Command>cm_FlatView</Command>
        </Command>
        <Separator>
          <Style>False</Style>
        </Separator>
        <Command>
          <ID>{D1265033-9B86-4FD7-BBCB-303F185A4A39}</ID>
          <Icon>cm_viewhistoryprev</Icon>
          <Command>cm_ViewHistoryPrev</Command>
        </Command>
        <Command>
          <ID>{FEFC554C-785C-448D-A4BA-66FD46C39188}</ID>
          <Icon>cm_viewhistorynext</Icon>
          <Command>cm_ViewHistoryNext</Command>
        </Command>
        <Separator>
          <Style>False</Style>
        </Separator>
        <Command>
          <ID>{3A6E7971-6990-4630-825E-18DA14C850A8}</ID>
          <Icon>cm_markplus</Icon>
          <Command>cm_MarkPlus</Command>
        </Command>
        <Command>
          <ID>{01AD63CF-D44F-4B88-A0EB-CF2D3CB641D1}</ID>
          <Icon>cm_markminus</Icon>
          <Command>cm_MarkMinus</Command>
        </Command>
        <Command>
          <ID>{C76C894E-C981-4497-BDCE-DC0EA06726CA}</ID>
          <Icon>cm_markinvert</Icon>
          <Command>cm_MarkInvert</Command>
        </Command>
        <Separator>
          <Style>False</Style>
        </Separator>
        <Command>
          <ID>{5B4700A8-90F7-4AFA-B0AF-3CE93E2F52B9}</ID>
          <Icon>cm_packfiles</Icon>
          <Command>cm_PackFiles</Command>
        </Command>
        <Command>
          <ID>{28F968B5-FF5C-4915-8C20-DDCDC1DD460D}</ID>
          <Icon>cm_extractfiles</Icon>
          <Command>cm_ExtractFiles</Command>
        </Command>
        <Separator>
          <Style>False</Style>
        </Separator>
        <Command>
          <ID>{F1C5E8B1-359A-4DEC-84B0-9919906963EE}</ID>
          <Icon>cm_search</Icon>
          <Command>cm_Search</Command>
        </Command>
        <Command>
          <ID>{F0C2E787-8DA0-4104-BFB3-1DA128D62B11}</ID>
          <Icon>cm_multirename</Icon>
          <Command>cm_MultiRename</Command>
        </Command>
        <Command>
          <ID>{0AEA3F43-6C56-4E4C-BBC2-B5665F91A0C0}</ID>
          <Icon>cm_syncdirs</Icon>
          <Command>cm_SyncDirs</Command>
        </Command>
        <Command>
          <ID>{4E7EBD15-3FA1-42D8-A4C1-427FD1DE9407}</ID>
          <Icon>cm_copyfullnamestoclip</Icon>
          <Command>cm_CopyFullNamesToClip</Command>
        </Command>
      </Row>
    </MainToolbar>
    <MiddleToolbar>
      <Row>
        <Command>
          <ID>{A2BA859C-3B3A-45A5-936A-6619E2A89145}</ID>
          <Icon>cm_view</Icon>
          <Command>cm_View</Command>
        </Command>
        <Command>
          <ID>{D57BDE4C-1E32-4B6D-9908-E5B471DF48A6}</ID>
          <Icon>cm_edit</Icon>
          <Command>cm_Edit</Command>
        </Command>
        <Command>
          <ID>{EB8DAA2F-3367-4A40-83CE-726AB0B78A4E}</ID>
          <Icon>cm_copy</Icon>
          <Command>cm_Copy</Command>
        </Command>
        <Command>
          <ID>{F788EA92-2E9B-434C-8A0B-B7CCF46859BF}</ID>
          <Icon>cm_rename</Icon>
          <Command>cm_Rename</Command>
        </Command>
        <Separator>
          <Style>True</Style>
        </Separator>
        <Command>
          <ID>{410DB481-0D7F-4FD4-A0D8-E9F62BE8CED7}</ID>
          <Icon>cm_packfiles</Icon>
          <Command>cm_PackFiles</Command>
        </Command>
        <Command>
          <ID>{25DE505C-8E6F-4149-8765-C1827E98A5E1}</ID>
          <Icon>cm_makedir</Icon>
          <Command>cm_MakeDir</Command>
        </Command>
      </Row>
    </MiddleToolbar>
  </Toolbars>
  <Configuration Save="True" SortOrder="0" TreeType="0">
    <FolderTabs Save="True"/>
  </Configuration>
  <Language>
    <POFileName>doublecmd.pot</POFileName>
  </Language>
  <Behaviours>
    <GoToRoot>True</GoToRoot>
    <ShowCurDirTitleBar>True</ShowCurDirTitleBar>
    <ActiveRight>False</ActiveRight>
    <RunInTerminalStayOpenCmd>cmd.exe</RunInTerminalStayOpenCmd>
    <RunInTerminalStayOpenParams>/K {command}</RunInTerminalStayOpenParams>
    <RunInTerminalCloseCmd>cmd.exe</RunInTerminalCloseCmd>
    <RunInTerminalCloseParams>/C {command}</RunInTerminalCloseParams>
    <JustRunTerminal>cmd.exe</JustRunTerminal>
    <JustRunTermParams/>
    <OnlyOneAppInstance>False</OnlyOneAppInstance>
    <LynxLike>True</LynxLike>
    <FileSizeFormat>6</FileSizeFormat>
    <OperationSizeFormat>6</OperationSizeFormat>
    <HeaderSizeFormat>6</HeaderSizeFormat>
    <FooterSizeFormat>6</FooterSizeFormat>
    <FileSizeDigits>1</FileSizeDigits>
    <HeaderDigits>1</HeaderDigits>
    <FooterDigits>1</FooterDigits>
    <OperationSizeDigits>1</OperationSizeDigits>
    <PersonalizedByte>B</PersonalizedByte>
    <PersonalizedKilo>KB</PersonalizedKilo>
    <PersonalizedMega>MB</PersonalizedMega>
    <PersonalizedGiga>GB</PersonalizedGiga>
    <PersonalizedTera>TB</PersonalizedTera>
    <ConfirmQuit>False</ConfirmQuit>
    <MinimizeToTray>False</MinimizeToTray>
    <AlwaysShowTrayIcon>False</AlwaysShowTrayIcon>
    <Mouse>
      <Selection Enabled="True">
        <Button>0</Button>
        <IconClick>0</IconClick>
      </Selection>
      <SingleClickStart>0</SingleClickStart>
      <ScrollMode>1</ScrollMode>
      <WheelScrollLines>3</WheelScrollLines>
    </Mouse>
    <AutoFillColumns>True</AutoFillColumns>
    <AutoSizeColumn>0</AutoSizeColumn>
    <CustomColumnsChangeAllColumns>False</CustomColumnsChangeAllColumns>
    <BriefViewFileExtAligned>False</BriefViewFileExtAligned>
    <DateTimeFormat>yy/MM/dd hh:nn</DateTimeFormat>
    <ColumnsTitleLikeValues>False</ColumnsTitleLikeValues>
    <CutTextToColumnWidth>False</CutTextToColumnWidth>
    <ExtendCellWidth>False</ExtendCellWidth>
    <ShowSystemFiles>True</ShowSystemFiles>
    <ListFilesInThread>True</ListFilesInThread>
    <LoadIconsSeparately>True</LoadIconsSeparately>
    <DelayLoadingTabs>True</DelayLoadingTabs>
    <HighlightUpdatedFiles>True</HighlightUpdatedFiles>
    <DriveBlackList/>
    <DriveBlackListUnmounted>False</DriveBlackListUnmounted>
  </Behaviours>
  <Tools>
    <Viewer Enabled="False">
      <Path/>
      <Parameters/>
      <RunInTerminal>False</RunInTerminal>
      <KeepTerminalOpen>False</KeepTerminalOpen>
    </Viewer>
    <Editor Enabled="True">
      <Path>C:\Program Files\Notepad++\notepad++.exe</Path>
      <Parameters/>
      <RunInTerminal>False</RunInTerminal>
      <KeepTerminalOpen>False</KeepTerminalOpen>
    </Editor>
    <Differ Enabled="False">
      <Path/>
      <Parameters/>
      <RunInTerminal>False</RunInTerminal>
      <KeepTerminalOpen>False</KeepTerminalOpen>
      <FramePosAfterComp>0</FramePosAfterComp>
    </Differ>
  </Tools>
  <Fonts>
    <Main>
      <Name>D2Coding</Name>
      <Size>10</Size>
      <Style>0</Style>
      <Quality>1</Quality>
    </Main>
    <Editor>
      <Name>D2Coding</Name>
      <Size>10</Size>
      <Style>0</Style>
      <Quality>1</Quality>
    </Editor>
    <Viewer>
      <Name>D2Coding</Name>
      <Size>8</Size>
      <Style>0</Style>
      <Quality>1</Quality>
    </Viewer>
    <OptionsTree>
      <Name>default</Name>
      <Size>10</Size>
      <Style>0</Style>
      <Quality>0</Quality>
    </OptionsTree>
    <OptionsMain>
      <Name>default</Name>
      <Size>10</Size>
      <Style>0</Style>
      <Quality>0</Quality>
    </OptionsMain>
    <SearchResults>
      <Name>default</Name>
      <Size>9</Size>
      <Style>0</Style>
      <Quality>0</Quality>
    </SearchResults>
    <PathEdit>
      <Name>D2Coding</Name>
      <Size>10</Size>
      <Style>0</Style>
      <Quality>1</Quality>
    </PathEdit>
    <FunctionButtons>
      <Name>default</Name>
      <Size>9</Size>
      <Style>0</Style>
      <Quality>0</Quality>
    </FunctionButtons>
    <Log>
      <Name>D2Coding</Name>
      <Size>10</Size>
      <Style>0</Style>
      <Quality>1</Quality>
    </Log>
    <ViewerBook>
      <Name>D2Coding</Name>
      <Size>10</Size>
      <Style>0</Style>
      <Quality>1</Quality>
    </ViewerBook>
    <Console>
      <Name>D2Coding</Name>
      <Size>10</Size>
      <Style>0</Style>
      <Quality>1</Quality>
    </Console>
    <TreeViewMenu>
      <Name>default</Name>
      <Size>9</Size>
      <Style>0</Style>
      <Quality>0</Quality>
    </TreeViewMenu>
    <StatusBar>
      <Name>default</Name>
      <Size>9</Size>
      <Style>0</Style>
      <Quality>0</Quality>
    </StatusBar>
  </Fonts>
  <Colors>
    <UseCursorBorder>False</UseCursorBorder>
    <CursorBorderColor>65280</CursorBorderColor>
    <UseFrameCursor>True</UseFrameCursor>
    <Foreground>12434877</Foreground>
    <Background>2697513</Background>
    <Background2>3026478</Background2>
    <Cursor>10025880</Cursor>
    <CursorText>0</CursorText>
    <Mark>10025880</Mark>
    <InactiveCursor>7697781</InactiveCursor>
    <InactiveMark>7697781</InactiveMark>
    <UseInvertedSelection>True</UseInvertedSelection>
    <UseInactiveSelColor>True</UseInactiveSelColor>
    <AllowOverColor>True</AllowOverColor>
    <gBorderFrameWidth>1</gBorderFrameWidth>
    <InactivePanelBrightness>100</InactivePanelBrightness>
    <FreeSpaceIndicator>
      <UseGradient>True</UseGradient>
      <ForeColor>10329502</ForeColor>
      <BackColor>16777215</BackColor>
    </FreeSpaceIndicator>
    <LogWindow>
      <Info>8388608</Info>
      <Error>255</Error>
      <Success>32768</Success>
    </LogWindow>
    <PathLabel>
      <ActiveColor>-2147483635</ActiveColor>
      <ActiveFontColor>-2147483634</ActiveFontColor>
      <InactiveColor>-2147483633</InactiveColor>
      <InactiveFontColor>-2147483630</InactiveFontColor>
    </PathLabel>
  </Colors>
  <ToolTips>
    <ShowToolTipMode>False</ShowToolTipMode>
    <ActualToolTipMode>0</ActualToolTipMode>
    <ToolTipHideTimeOut>0</ToolTipHideTimeOut>
    <CustomFields/>
  </ToolTips>
  <Layout>
    <MainMenu>True</MainMenu>
    <ButtonBar Enabled="False">
      <FlatIcons>False</FlatIcons>
      <ButtonHeight>20</ButtonHeight>
      <IconSize>16</IconSize>
      <ShowCaptions>False</ShowCaptions>
      <ReportErrorWithCommands>False</ReportErrorWithCommands>
      <FilenameStyle>0</FilenameStyle>
      <PathToBeRelativeTo>%COMMANDER_PATH%</PathToBeRelativeTo>
      <PathModifierElements>0</PathModifierElements>
    </ButtonBar>
    <MiddleBar Enabled="False">
      <FlatIcons>True</FlatIcons>
      <ButtonHeight>24</ButtonHeight>
      <IconSize>16</IconSize>
      <ShowCaptions>False</ShowCaptions>
      <ReportErrorWithCommands>False</ReportErrorWithCommands>
    </MiddleBar>
    <DriveBar1>False</DriveBar1>
    <DriveBar2>False</DriveBar2>
    <DriveBarFlat>False</DriveBarFlat>
    <DrivesListButton Enabled="True">
      <ShowLabel>True</ShowLabel>
      <ShowFileSystem>True</ShowFileSystem>
      <ShowFreeSpace>True</ShowFreeSpace>
    </DrivesListButton>
    <SeparateTree>False</SeparateTree>
    <DirectoryTabs>True</DirectoryTabs>
    <CurrentDirectory>True</CurrentDirectory>
    <TabHeader>True</TabHeader>
    <StatusBar>True</StatusBar>
    <CmdLine>False</CmdLine>
    <LogWindow>False</LogWindow>
    <TermWindow>False</TermWindow>
    <KeyButtons>False</KeyButtons>
    <InterfaceFlat>False</InterfaceFlat>
    <DriveFreeSpace>True</DriveFreeSpace>
    <DriveIndicator>True</DriveIndicator>
    <ProgressInMenuBar>True</ProgressInMenuBar>
    <PanelOfOperationsInBackground>True</PanelOfOperationsInBackground>
    <HorizontalFilePanels>False</HorizontalFilePanels>
    <ShortFormatDriveInfo>False</ShortFormatDriveInfo>
    <UppercaseDriveLetter>False</UppercaseDriveLetter>
    <ShowColonAfterDrive>False</ShowColonAfterDrive>
  </Layout>
  <FilesViews>
    <Sorting>
      <CaseSensitivity>0</CaseSensitivity>
      <NaturalSorting>True</NaturalSorting>
      <SortFolderMode>1</SortFolderMode>
      <NewFilesPosition>2</NewFilesPosition>
      <UpdatedFilesPosition>2</UpdatedFilesPosition>
      <SpecialSorting>False</SpecialSorting>
    </Sorting>
    <ColumnsView>
      <AutoSaveWidth>True</AutoSaveWidth>
      <TitleStyle>2</TitleStyle>
      <LongInStatus>False</LongInStatus>
    </ColumnsView>
    <BriefView>
      <FileExtAligned>False</FileExtAligned>
      <Columns>
        <FixedWidth>100</FixedWidth>
        <FixedCount>2</FixedCount>
        <AutoSize>2</AutoSize>
      </Columns>
    </BriefView>
    <ExtraLineSpan>2</ExtraLineSpan>
    <FolderPrefix>[</FolderPrefix>
    <FolderPostfix>]</FolderPostfix>
    <RenameConfirmMouse>False</RenameConfirmMouse>
  </FilesViews>
  <Keyboard>
    <Typing>
      <Actions>
        <NoModifier>2</NoModifier>
        <Alt>0</Alt>
        <CtrlAlt>3</CtrlAlt>
      </Actions>
    </Typing>
  </Keyboard>
  <FileOperations>
    <BufferSize>524288</BufferSize>
    <HashBufferSize>8388608</HashBufferSize>
    <UseMmapInSearch>False</UseMmapInSearch>
    <PartialNameSearch>True</PartialNameSearch>
    <InitiallyClearFileMask>True</InitiallyClearFileMask>
    <NewSearchClearFiltersAction>0</NewSearchClearFiltersAction>
    <ShowMenuBarInFindFiles>True</ShowMenuBarInFindFiles>
    <WipePassNumber>1</WipePassNumber>
    <DropReadOnlyFlag>False</DropReadOnlyFlag>
    <ProcessComments>False</ProcessComments>
    <RenameSelOnlyName>True</RenameSelOnlyName>
    <ShowCopyTabSelectPanel>False</ShowCopyTabSelectPanel>
    <UseTrash>True</UseTrash>
    <SkipFileOpError>False</SkipFileOpError>
    <TypeOfDuplicatedRename>0</TypeOfDuplicatedRename>
    <ShowDialogOnDragDrop>True</ShowDialogOnDragDrop>
    <DragAndDropTextRichtextDesireLevel>0</DragAndDropTextRichtextDesireLevel>
    <DragAndDropTextHtmlDesireLevel>1</DragAndDropTextHtmlDesireLevel>
    <DragAndDropTextUnicodeDesireLevel>2</DragAndDropTextUnicodeDesireLevel>
    <DragAndDropTextSimpletextDesireLevel>3</DragAndDropTextSimpletextDesireLevel>
    <DragAndDropAskFormatEachTime>False</DragAndDropAskFormatEachTime>
    <DragAndDropTextAutoFilename>False</DragAndDropTextAutoFilename>
    <DragAndDropSaveUnicodeTextInUFT8>True</DragAndDropSaveUnicodeTextInUFT8>
    <NtfsHourTimeDelay>False</NtfsHourTimeDelay>
    <AutoExtractOpenMask/>
    <SearchDefaultTemplate/>
    <ProgressKind>0</ProgressKind>
    <Confirmations>8</Confirmations>
    <Options>
      <Symlink>0</Symlink>
      <CorrectLinks>False</CorrectLinks>
      <FileExists>0</FileExists>
      <DirectoryExists>0</DirectoryExists>
      <SetPropertyError>0</SetPropertyError>
      <ReserveSpace>False</ReserveSpace>
      <CheckFreeSpace>True</CheckFreeSpace>
      <CopyAttributes>True</CopyAttributes>
      <Verify>False</Verify>
      <CopyTime>True</CopyTime>
      <CopyOwnership>False</CopyOwnership>
      <CopyPermissions>False</CopyPermissions>
      <ExcludeEmptyTemplateDirectories>True</ExcludeEmptyTemplateDirectories>
      <CopyOnWrite>2</CopyOnWrite>
      <CopyXattributes>True</CopyXattributes>
    </Options>
    <Extract>
      <Overwrite>True</Overwrite>
    </Extract>
    <LongNameAlert>True</LongNameAlert>
    <MultiRename>
      <MulRenShowMenuBarOnTop>True</MulRenShowMenuBarOnTop>
      <MulRenInvalidCharReplacement>.</MulRenInvalidCharReplacement>
      <MulRenLaunchBehavor>2</MulRenLaunchBehavor>
      <MulRenExitModifiedPreset>0</MulRenExitModifiedPreset>
      <MulRenSaveRenamingLog>0</MulRenSaveRenamingLog>
      <MulRenLogFilename>%DC_CONFIG_PATH%\multirename.log</MulRenLogFilename>
      <MultRenDailyIndividualDirLog>True</MultRenDailyIndividualDirLog>
      <MulRenFilenameWithFullPathInLog>False</MulRenFilenameWithFullPathInLog>
      <MulRenPathRangeSeparator>- </MulRenPathRangeSeparator>
    </MultiRename>
    <DefaultDropEffect>True</DefaultDropEffect>
  </FileOperations>
  <Tabs>
    <Options>117579</Options>
    <CharacterLimit>5</CharacterLimit>
    <Position>0</Position>
    <ActionOnDoubleClick>1</ActionOnDoubleClick>
  </Tabs>
  <Log Enabled="False" LogFileWithDateInName="False" Count="0">
    <FileName>%DC_CONFIG_PATH%\doublecmd.log</FileName>
    <Options>0</Options>
  </Log>
  <History>
    <SearchReplaceHistory Save="False"/>
    <DirHistory Save="False" Count="30"/>
    <CmdLineHistory Save="False"/>
    <FileMaskHistory Save="False"/>
    <VolumeSizeHistory Save="True"/>
    <CreateDirectoriesHistory Save="True"/>
  </History>
  <QuickSearch>
    <MatchBeginning>True</MatchBeginning>
    <MatchEnding>True</MatchEnding>
    <Case>1</Case>
    <Items>2</Items>
  </QuickSearch>
  <QuickFilter>
    <AutoHide>True</AutoHide>
    <SaveSessionModifications>False</SaveSessionModifications>
  </QuickFilter>
  <Miscellaneous>
    <GridVertLine>False</GridVertLine>
    <GridHorzLine>False</GridHorzLine>
    <ShowWarningMessages>False</ShowWarningMessages>
    <SpaceMovesDown>True</SpaceMovesDown>
    <DirBrackets>True</DirBrackets>
    <InplaceRename>False</InplaceRename>
    <DblClickToParent>True</DblClickToParent>
    <HotDirAddTargetOrNot>False</HotDirAddTargetOrNot>
    <HotDirFullExpandOrNot>False</HotDirFullExpandOrNot>
    <ShowPathInPopup>False</ShowPathInPopup>
    <ShowOnlyValidEnv>True</ShowOnlyValidEnv>
    <WhereToAddNewHotDir>2</WhereToAddNewHotDir>
    <InplaceRenameButton>False</InplaceRenameButton>
    <FilenameStyle>0</FilenameStyle>
    <PathToBeRelativeTo>%COMMANDER_PATH%</PathToBeRelativeTo>
    <PathModifierElements>0</PathModifierElements>
    <DefaultTextEncoding>none</DefaultTextEncoding>
    <DoubleClickEditPath>False</DoubleClickEditPath>
    <DecimalSeparator>�</DecimalSeparator>
  </Miscellaneous>
  <Thumbnails Save="True">
    <Width>128</Width>
    <Height>128</Height>
  </Thumbnails>
  <Description>
    <CreateNewUnicode>True</CreateNewUnicode>
    <DefaultEncoding>2</DefaultEncoding>
    <CreateNewEncoding>3</CreateNewEncoding>
  </Description>
  <AutoRefresh>
    <Options>7</Options>
    <ExcludeDirs/>
    <Mode>1</Mode>
  </AutoRefresh>
  <Icons>
    <Theme>dctheme</Theme>
    <ShowHiddenDimmed>False</ShowHiddenDimmed>
    <ShowMode>0</ShowMode>
    <ShowOverlays>False</ShowOverlays>
    <Size>16</Size>
    <DiskSize>16</DiskSize>
    <DiskAlpha>50</DiskAlpha>
    <Exclude>False</Exclude>
    <ExcludeDirs/>
    <CustomIcons>0</CustomIcons>
    <PixelsPerInch>96</PixelsPerInch>
    <ShowInMenus Enabled="False">
      <Size>16</Size>
    </ShowInMenus>
    <ShowButtonGlyphs>0</ShowButtonGlyphs>
    <ToolSize>24</ToolSize>
  </Icons>
  <IgnoreList Enabled="True">
    <IgnoreListFile>%DC_CONFIG_PATH%\ignorelist.txt</IgnoreListFile>
  </IgnoreList>
  <DirectoryHotList/>
  <Viewer>
    <PreviewVisible>False</PreviewVisible>
    <ImageStretch>False</ImageStretch>
    <ImageExifRotate>True</ImageExifRotate>
    <ImageStretchLargeOnly>False</ImageStretchLargeOnly>
    <ImageCenter>True</ImageCenter>
    <CopyMovePath1/>
    <CopyMovePath2/>
    <CopyMovePath3/>
    <CopyMovePath4/>
    <CopyMovePath5/>
    <PaintMode>0</PaintMode>
    <PaintWidth>5</PaintWidth>
    <NumberOfColumns>1</NumberOfColumns>
    <TabSpaces>8</TabSpaces>
    <MaxTextWidth>1024</MaxTextWidth>
    <ViewerMode>1</ViewerMode>
    <PaintColor>255</PaintColor>
    <BackgroundColor>-2147483643</BackgroundColor>
    <FontColor>-2147483640</FontColor>
    <TextPosition>0</TextPosition>
    <PrintMargins>200|200|200|200</PrintMargins>
    <ShowCaret>False</ShowCaret>
    <LeftMargin>4</LeftMargin>
    <ExtraLineSpan>0</ExtraLineSpan>
    <ImageShowTransparency>False</ImageShowTransparency>
    <MaxCodeSize>128</MaxCodeSize>
    <WrapText>False</WrapText>
    <AutoCopy>True</AutoCopy>
    <SynEditMask>*</SynEditMask>
    <JpegQuality>80</JpegQuality>
  </Viewer>
  <Editor>
    <EditWaitTime>2000</EditWaitTime>
    <SynEditOptions>856075</SynEditOptions>
    <SynEditTabWidth>2</SynEditTabWidth>
    <SynEditRightEdge>80</SynEditRightEdge>
    <SynEditBlockIndent>2</SynEditBlockIndent>
    <FindWordAtCursor>True</FindWordAtCursor>
  </Editor>
  <SyncDirs>
    <Subdirs>True</Subdirs>
    <ByContent>False</ByContent>
    <Asymmetric Save="False">False</Asymmetric>
    <IgnoreDate>True</IgnoreDate>
    <FilterCopyRight>False</FilterCopyRight>
    <FilterEqual>False</FilterEqual>
    <FilterNotEqual>True</FilterNotEqual>
    <FilterCopyLeft>False</FilterCopyLeft>
    <FilterDuplicates>True</FilterDuplicates>
    <FilterSingles>True</FilterSingles>
    <FileMask Save="True">*</FileMask>
    <Colors>
      <Left>32768</Left>
      <Right>16711680</Right>
      <Unknown>255</Unknown>
    </Colors>
    <DateTimeFormat>yyyy.mm.dd hh:nn:ss</DateTimeFormat>
    <FilterUnknown>True</FilterUnknown>
  </SyncDirs>
  <InternalAssociations>
    <OfferToAddNewFileType>False</OfferToAddNewFileType>
    <LastCustomAction>Custom action</LastCustomAction>
    <ExpandedContextMenu>False</ExpandedContextMenu>
    <ExecuteViaShell>False</ExecuteViaShell>
    <OpenSystemWithTerminalClose>False</OpenSystemWithTerminalClose>
    <OpenSystemWithTerminalStayOpen>False</OpenSystemWithTerminalStayOpen>
    <IncludeFileAssociation>False</IncludeFileAssociation>
    <FilenameStyle>0</FilenameStyle>
    <PathToBeRelativeTo>%COMMANDER_PATH%</PathToBeRelativeTo>
    <PathModifierElements>0</PathModifierElements>
    <DefaultContextActions>True</DefaultContextActions>
  </InternalAssociations>
  <TreeViewMenu>
    <UseTVMDirectoryHotlistFMC>False</UseTVMDirectoryHotlistFMC>
    <UseTVMDirectoryHotlistFDC>False</UseTVMDirectoryHotlistFDC>
    <UseTVMFavoriteTabsFMC>False</UseTVMFavoriteTabsFMC>
    <UseTVMFavoriteTabsFDC>False</UseTVMFavoriteTabsFDC>
    <UseTVMDirHistory>False</UseTVMDirHistory>
    <UseTVMViewHistory>False</UseTVMViewHistory>
    <UseTVMCommandLineHistory>False</UseTVMCommandLineHistory>
    <TreeViewMenuShortcutExit>True</TreeViewMenuShortcutExit>
    <TreeViewMenuSingleClickExit>True</TreeViewMenuSingleClickExit>
    <TreeViewMenuDoubleClickExit>True</TreeViewMenuDoubleClickExit>
    <Context00>
      <CaseSensitive>False</CaseSensitive>
      <IgnoreAccents>True</IgnoreAccents>
      <ShowWholeBranchIfMatch>False</ShowWholeBranchIfMatch>
    </Context00>
    <Context01>
      <CaseSensitive>False</CaseSensitive>
      <IgnoreAccents>True</IgnoreAccents>
      <ShowWholeBranchIfMatch>False</ShowWholeBranchIfMatch>
    </Context01>
    <Context02>
      <CaseSensitive>False</CaseSensitive>
      <IgnoreAccents>True</IgnoreAccents>
      <ShowWholeBranchIfMatch>False</ShowWholeBranchIfMatch>
    </Context02>
    <Context03>
      <CaseSensitive>False</CaseSensitive>
      <IgnoreAccents>True</IgnoreAccents>
      <ShowWholeBranchIfMatch>False</ShowWholeBranchIfMatch>
    </Context03>
    <Context04>
      <CaseSensitive>False</CaseSensitive>
      <IgnoreAccents>True</IgnoreAccents>
      <ShowWholeBranchIfMatch>False</ShowWholeBranchIfMatch>
    </Context04>
    <Context05>
      <CaseSensitive>False</CaseSensitive>
      <IgnoreAccents>True</IgnoreAccents>
      <ShowWholeBranchIfMatch>False</ShowWholeBranchIfMatch>
    </Context05>
    <Context06>
      <CaseSensitive>False</CaseSensitive>
      <IgnoreAccents>True</IgnoreAccents>
      <ShowWholeBranchIfMatch>False</ShowWholeBranchIfMatch>
    </Context06>
    <TreeViewMenuUseKeyboardShortcut>True</TreeViewMenuUseKeyboardShortcut>
    <BackgroundColor>-2147483617</BackgroundColor>
    <ShortcutColor>255</ShortcutColor>
    <NormalTextColor>-2147483640</NormalTextColor>
    <SecondaryTextColor>-2147483642</SecondaryTextColor>
    <FoundTextColor>-2147483635</FoundTextColor>
    <UnselectableTextColor>-2147483631</UnselectableTextColor>
    <CursorColor>-2147483635</CursorColor>
    <ShortcutUnderCursor>-2147483634</ShortcutUnderCursor>
    <NormalTextUnderCursor>-2147483634</NormalTextUnderCursor>
    <SecondaryTextUnderCursor>-2147483628</SecondaryTextUnderCursor>
    <FoundTextUnderCursor>65535</FoundTextUnderCursor>
    <UnselectableUnderCursor>-2147483631</UnselectableUnderCursor>
  </TreeViewMenu>
  <FavoriteTabsOptions>
    <FavoriteTabsUseRestoreExtraOptions>False</FavoriteTabsUseRestoreExtraOptions>
    <WhereToAdd>1</WhereToAdd>
    <Expand>True</Expand>
    <GotoConfigAftSav>False</GotoConfigAftSav>
    <GotoConfigAftReSav>False</GotoConfigAftReSav>
    <DfltLeftGoTo>0</DfltLeftGoTo>
    <DfltRightGoTo>1</DfltRightGoTo>
    <DfltKeep>5</DfltKeep>
    <DfltSaveDirHistory>False</DfltSaveDirHistory>
    <FavTabsLastUniqueID>{1BC69AC9-3800-4568-99D6-9005DF640E99}</FavTabsLastUniqueID>
  </FavoriteTabsOptions>
  <Lua>
    <PathToLibrary>lua5.1.dll</PathToLibrary>
  </Lua>
  <NameShortcutFile>shortcuts.scf</NameShortcutFile>
  <HotKeySortOrder>0</HotKeySortOrder>
  <UseEnterToCloseHotKeyEditor>True</UseEnterToCloseHotKeyEditor>
  <LastUsedPacker>7z</LastUsedPacker>
  <UseShellForFileOperations>True</UseShellForFileOperations>
  <LastDoAnyCommand>cm_Refresh</LastDoAnyCommand>
  <MarkMaskCaseSensitive>False</MarkMaskCaseSensitive>
  <MarkMaskIgnoreAccents>False</MarkMaskIgnoreAccents>
  <MarkMaskFilterWindows>False</MarkMaskFilterWindows>
  <MarkShowWantedAttribute>False</MarkShowWantedAttribute>
  <MarkDefaultWantedAttribute/>
  <MarkLastWantedAttribute/>
  <SearchTemplates>
    <Template>
      <Name>temp</Name>
      <StartPath/>
      <ExcludeDirectories/>
      <FilesMasks>*.tmp;*.pk;*.swp;*.temp;*.bak;*.cnt;*.gid;*.dbg;*.old;*.dmp;*.debug;</FilesMasks>
      <ExcludeFiles/>
      <SearchDepth>-1</SearchDepth>
      <IsPartialNameSearch>True</IsPartialNameSearch>
      <RegExp>False</RegExp>
      <FollowSymLinks>False</FollowSymLinks>
      <FindInArchives>False</FindInArchives>
      <AttributesPattern/>
      <IsDateFrom>False</IsDateFrom>
      <IsDateTo>False</IsDateTo>
      <IsTimeFrom>False</IsTimeFrom>
      <IsTimeTo>False</IsTimeTo>
      <IsNotOlderThan>False</IsNotOlderThan>
      <IsFileSizeFrom>False</IsFileSizeFrom>
      <IsFileSizeTo>False</IsFileSizeTo>
      <FileSizeUnit>1</FileSizeUnit>
      <IsFindText>False</IsFindText>
      <IsReplaceText>False</IsReplaceText>
      <HexValue>False</HexValue>
      <CaseSensitive>False</CaseSensitive>
      <NotContainingText>False</NotContainingText>
      <TextRegExp>False</TextRegExp>
      <TextEncoding>Default</TextEncoding>
      <OfficeXML>False</OfficeXML>
      <Duplicates Enabled="False"/>
      <SearchPlugin/>
      <ContentPlugins Enabled="False"/>
    </Template>
    <Template>
      <Name>torrent</Name>
      <StartPath/>
      <ExcludeDirectories/>
      <FilesMasks>*.torrent;</FilesMasks>
      <ExcludeFiles/>
      <SearchDepth>-1</SearchDepth>
      <IsPartialNameSearch>True</IsPartialNameSearch>
      <RegExp>False</RegExp>
      <FollowSymLinks>False</FollowSymLinks>
      <FindInArchives>False</FindInArchives>
      <AttributesPattern/>
      <IsDateFrom>False</IsDateFrom>
      <IsDateTo>False</IsDateTo>
      <IsTimeFrom>False</IsTimeFrom>
      <IsTimeTo>False</IsTimeTo>
      <IsNotOlderThan>False</IsNotOlderThan>
      <IsFileSizeFrom>False</IsFileSizeFrom>
      <IsFileSizeTo>False</IsFileSizeTo>
      <FileSizeUnit>1</FileSizeUnit>
      <IsFindText>False</IsFindText>
      <IsReplaceText>False</IsReplaceText>
      <HexValue>False</HexValue>
      <CaseSensitive>False</CaseSensitive>
      <NotContainingText>False</NotContainingText>
      <TextRegExp>False</TextRegExp>
      <TextEncoding>Default</TextEncoding>
      <OfficeXML>False</OfficeXML>
      <Duplicates Enabled="False"/>
      <SearchPlugin/>
      <ContentPlugins Enabled="False"/>
    </Template>
    <Template>
      <Name>compressed-archive</Name>
      <StartPath/>
      <ExcludeDirectories/>
      <FilesMasks>*.mpkg;*.deb;*.gzip;*.rte;*.rar;*.pup;*.xapk;*.vip;*.tbz;*.pkg.tar.xz;*.f3z;*.lemon;*.sit;*.comppkg.hauptwerk.rar;*.sy_;*.b6z;*.7z;*.dl_;*.zpi;*.s00;*.dz;*.pkg;*.bz2;*.uha;*.r00;*.7z.002;*.bndl;*.pbi;*.arduboy;*.sqx;*.lzm;*.qda;*.ufs.uzip;*.r2;*.ice;*.rp9;*.lz4;*.dar;*.mint;*.ecs;*.hbe;*.memo;*.sifz;*.fzpz;*.gza;*.cb7;*.smpf;*.wa;*.tar.lzma;*.jar.pack;*.zip;*.par;*.b1;*.pf;*.cbr;*.pak;*.jsonlz4;*.rev;*.tar.xz;*.npk;*.nex;*.ita;*.ark;*.spd;*.cbz;*.taz;*.rpm;*.f;*.kgb;*.pit;*.pwa;*.sfg;*.xip;*.cbt;*.gz2;*.pcv;*.zl;*.bh;*.cdz;*.pea;*.c00;*.a02;*.gz;*.bundle;*.tar.lz;*.s7z;*.ari;*.hki;*.yz;*.apz;*.lzma;*.sfx;*.zix;*.cxarchive;*.tx_;*.ar;*.alz;*.czip;*.sitx;*.z03;*.piz;*.archiver;*.ctz;*.opk;*.7z.001;*.arc;*.r01;*.bz;*.ipk;*.0;*.snb;*.war;*.tar.bz2;*.a01;*.gmz;*.car;*.tar.gz;*.ace;*.zipx;*.z;*.oar;*.sdn;*.shar;*.lpkg;*.epi;*.tbz2;*.oz;*.p19;*.fdp;*.r03;*.xx;*.c10;*.rnc;*.zst;*.voca;*.ctx;*.jex;*.pa;*.tzst;*.s01;*.ba;*.gca;*.s02;*.package;*.xz;*.whl;*.sdc;*.tgz;*.sea;*.r30;*.arj;*.dd;*.bzip2;*.snappy;*.spt;*.par2;*.rz;*.mzp;*.a00;*.pup;*.c01;*.sfs;*.zfsendtotarget;*.xez;*.sh;*.r0;*.jhh;*.gzi;*.lhzd;*.paq8p;*.fp8;*.000;*.jgz;*.edz;*.lz;*.zsplit;*.rk;*.lbr;*.xar;*.z02;*.hyp;*.z04;*.shr;*.pet;*.j;*.wastickers;*.iadproj;*.tcx;*.md;*.lzh;*.srep;*.wux;*.zoo;*.pax;*.zi;*.zap;*.fzbz;*.agg;*.uc2;*.hbc;*.lnx;*.wdz;*.dgc;*.tz;*.isx;*.uzed;*.libzip;*.efw;*.zw;*.asr;*.nz;*.hki1;*.hki3;*.r04;*.mzp;*.vmcz;*.warc;*.zz;*.cpt;*.paq8f;*.hbc2;*.arh;*.ayt;*.ize;*.ain;*.cpgz;*.vsi;*.ipg;*.lzo;*.lqr;*.mbz;*.bza;*.xmcdz;*.sar;*.txz;*.egg;*.z01;*.lha;*.layout;*.spm;*.rss;*.zi_;*.pack.gz;*.tg;*.cba;*.tar.z;*.hpk;*.si;*.b64;*.bzip;*.xzm;*.tlz;*.c02;*.vpk;*.waff;*.paq6;*.jic;*.uzip;*.puz;*.yz1;*.pae;*.xef;*.hpkg;*.kz;*.bdoc;*.r02;*.mou;*.paq7;*.trs;*.dist;*.r21;*.cp9;*.ha;*.hki2;*.r1;*.xopp;*.vem;*.tar.gz2;*.paq8l;*.p01;*.comppkg_hauptwerk_rar;*.wlb;*.stproj;*.psz;*.spa;*.pvmz;*.sen;*.tlzma;*.p7z;*.ubz;*.zed;*.vwi;*.apex;*.prs;*.spl;*.s09;*.lzx;*.sbx;*.ish;*.daf;*.boo;*.vfs;*.paq8;*.y;*.pim;*.sbx;*.wot;*.shk;*.sqz;*.ecsbx;*.gar;*.z00;*.tar;*.jar;</FilesMasks>
      <ExcludeFiles/>
      <SearchDepth>-1</SearchDepth>
      <IsPartialNameSearch>True</IsPartialNameSearch>
      <RegExp>False</RegExp>
      <FollowSymLinks>False</FollowSymLinks>
      <FindInArchives>False</FindInArchives>
      <AttributesPattern>d-</AttributesPattern>
      <IsDateFrom>False</IsDateFrom>
      <IsDateTo>False</IsDateTo>
      <IsTimeFrom>False</IsTimeFrom>
      <IsTimeTo>False</IsTimeTo>
      <IsNotOlderThan>False</IsNotOlderThan>
      <IsFileSizeFrom>False</IsFileSizeFrom>
      <IsFileSizeTo>False</IsFileSizeTo>
      <FileSizeUnit>1</FileSizeUnit>
      <IsFindText>False</IsFindText>
      <IsReplaceText>False</IsReplaceText>
      <HexValue>False</HexValue>
      <CaseSensitive>False</CaseSensitive>
      <NotContainingText>False</NotContainingText>
      <TextRegExp>False</TextRegExp>
      <TextEncoding>Default</TextEncoding>
      <OfficeXML>False</OfficeXML>
      <Duplicates Enabled="False"/>
      <SearchPlugin/>
      <ContentPlugins Enabled="False"/>
    </Template>
    <Template>
      <Name>batch-program</Name>
      <StartPath/>
      <ExcludeDirectories/>
      <FilesMasks>*.bat;*.cmd;*.pif;*.ps;</FilesMasks>
      <ExcludeFiles/>
      <SearchDepth>-1</SearchDepth>
      <IsPartialNameSearch>True</IsPartialNameSearch>
      <RegExp>False</RegExp>
      <FollowSymLinks>False</FollowSymLinks>
      <FindInArchives>False</FindInArchives>
      <AttributesPattern>d-</AttributesPattern>
      <IsDateFrom>False</IsDateFrom>
      <IsDateTo>False</IsDateTo>
      <IsTimeFrom>False</IsTimeFrom>
      <IsTimeTo>False</IsTimeTo>
      <IsNotOlderThan>False</IsNotOlderThan>
      <IsFileSizeFrom>False</IsFileSizeFrom>
      <IsFileSizeTo>False</IsFileSizeTo>
      <FileSizeUnit>1</FileSizeUnit>
      <IsFindText>False</IsFindText>
      <IsReplaceText>False</IsReplaceText>
      <HexValue>False</HexValue>
      <CaseSensitive>False</CaseSensitive>
      <NotContainingText>False</NotContainingText>
      <TextRegExp>False</TextRegExp>
      <TextEncoding>Default</TextEncoding>
      <OfficeXML>False</OfficeXML>
      <Duplicates Enabled="False"/>
      <SearchPlugin/>
      <ContentPlugins Enabled="False"/>
    </Template>
    <Template>
      <Name>executable-program</Name>
      <StartPath/>
      <ExcludeDirectories/>
      <FilesMasks>*.exe;*.msi;</FilesMasks>
      <ExcludeFiles/>
      <SearchDepth>-1</SearchDepth>
      <IsPartialNameSearch>True</IsPartialNameSearch>
      <RegExp>False</RegExp>
      <FollowSymLinks>False</FollowSymLinks>
      <FindInArchives>False</FindInArchives>
      <AttributesPattern>d-</AttributesPattern>
      <IsDateFrom>False</IsDateFrom>
      <IsDateTo>False</IsDateTo>
      <IsTimeFrom>False</IsTimeFrom>
      <IsTimeTo>False</IsTimeTo>
      <IsNotOlderThan>False</IsNotOlderThan>
      <IsFileSizeFrom>False</IsFileSizeFrom>
      <IsFileSizeTo>False</IsFileSizeTo>
      <FileSizeUnit>1</FileSizeUnit>
      <IsFindText>False</IsFindText>
      <IsReplaceText>False</IsReplaceText>
      <HexValue>False</HexValue>
      <CaseSensitive>False</CaseSensitive>
      <NotContainingText>False</NotContainingText>
      <TextRegExp>False</TextRegExp>
      <TextEncoding>Default</TextEncoding>
      <OfficeXML>False</OfficeXML>
      <Duplicates Enabled="False"/>
      <SearchPlugin/>
      <ContentPlugins Enabled="False"/>
    </Template>
    <Template>
      <Name>shortcut</Name>
      <StartPath/>
      <ExcludeDirectories/>
      <FilesMasks>*.lnk;*.url;</FilesMasks>
      <ExcludeFiles/>
      <SearchDepth>-1</SearchDepth>
      <IsPartialNameSearch>True</IsPartialNameSearch>
      <RegExp>False</RegExp>
      <FollowSymLinks>False</FollowSymLinks>
      <FindInArchives>False</FindInArchives>
      <AttributesPattern>d-</AttributesPattern>
      <IsDateFrom>False</IsDateFrom>
      <IsDateTo>False</IsDateTo>
      <IsTimeFrom>False</IsTimeFrom>
      <IsTimeTo>False</IsTimeTo>
      <IsNotOlderThan>False</IsNotOlderThan>
      <IsFileSizeFrom>False</IsFileSizeFrom>
      <IsFileSizeTo>False</IsFileSizeTo>
      <FileSizeUnit>1</FileSizeUnit>
      <IsFindText>False</IsFindText>
      <IsReplaceText>False</IsReplaceText>
      <HexValue>False</HexValue>
      <CaseSensitive>False</CaseSensitive>
      <NotContainingText>False</NotContainingText>
      <TextRegExp>False</TextRegExp>
      <TextEncoding>Default</TextEncoding>
      <OfficeXML>False</OfficeXML>
      <Duplicates Enabled="False"/>
      <SearchPlugin/>
      <ContentPlugins Enabled="False"/>
    </Template>
    <Template>
      <Name>compressed-archive-multiple</Name>
      <StartPath/>
      <ExcludeDirectories/>
      <FilesMasks>(.*)\.c\d\d|(.*)\.r\d\d|(.*)\.s\d\d|(.*)\.z\d\d</FilesMasks>
      <ExcludeFiles/>
      <SearchDepth>-1</SearchDepth>
      <IsPartialNameSearch>True</IsPartialNameSearch>
      <RegExp>False</RegExp>
      <FollowSymLinks>False</FollowSymLinks>
      <FindInArchives>False</FindInArchives>
      <AttributesPattern>d-</AttributesPattern>
      <IsDateFrom>False</IsDateFrom>
      <IsDateTo>False</IsDateTo>
      <IsTimeFrom>False</IsTimeFrom>
      <IsTimeTo>False</IsTimeTo>
      <IsNotOlderThan>False</IsNotOlderThan>
      <IsFileSizeFrom>False</IsFileSizeFrom>
      <IsFileSizeTo>False</IsFileSizeTo>
      <FileSizeUnit>1</FileSizeUnit>
      <IsFindText>False</IsFindText>
      <IsReplaceText>False</IsReplaceText>
      <HexValue>False</HexValue>
      <CaseSensitive>False</CaseSensitive>
      <NotContainingText>False</NotContainingText>
      <TextRegExp>False</TextRegExp>
      <TextEncoding>Default</TextEncoding>
      <OfficeXML>False</OfficeXML>
      <Duplicates Enabled="False"/>
      <SearchPlugin/>
      <ContentPlugins Enabled="False"/>
    </Template>
    <Template>
      <Name>media-video</Name>
      <StartPath/>
      <ExcludeDirectories/>
      <FilesMasks>*.mp4;*.ts;*.vob;*.avi;*.mpg;*.mpeg;*.mov;*.mkv;*.wm;*.qt;*.asf;*.divx;*.xvid;*.ogm;*.ifo;*.asx;*.rm;*.smk;*.bik;*.rmv;*.hdmov;*.wmv;*.tp;*.wbm;*.webm;</FilesMasks>
      <ExcludeFiles/>
      <SearchDepth>-1</SearchDepth>
      <IsPartialNameSearch>True</IsPartialNameSearch>
      <RegExp>False</RegExp>
      <FollowSymLinks>False</FollowSymLinks>
      <FindInArchives>False</FindInArchives>
      <AttributesPattern>d-</AttributesPattern>
      <IsDateFrom>False</IsDateFrom>
      <IsDateTo>False</IsDateTo>
      <IsTimeFrom>False</IsTimeFrom>
      <IsTimeTo>False</IsTimeTo>
      <IsNotOlderThan>False</IsNotOlderThan>
      <IsFileSizeFrom>False</IsFileSizeFrom>
      <IsFileSizeTo>False</IsFileSizeTo>
      <FileSizeUnit>1</FileSizeUnit>
      <IsFindText>False</IsFindText>
      <IsReplaceText>False</IsReplaceText>
      <HexValue>False</HexValue>
      <CaseSensitive>False</CaseSensitive>
      <NotContainingText>False</NotContainingText>
      <TextRegExp>False</TextRegExp>
      <TextEncoding>Default|</TextEncoding>
      <OfficeXML>False</OfficeXML>
      <Duplicates Enabled="False"/>
      <SearchPlugin/>
      <ContentPlugins Enabled="False"/>
    </Template>
    <Template>
      <Name>raster-image</Name>
      <StartPath/>
      <ExcludeDirectories/>
      <FilesMasks>*.bmp;*.dib;*.emf;*.gif;*.jp2;*.jpc;*.j2k;*.jpg;*.jpeg;*.jpe;*.ldf;*.lwf;*.pcd;*.pcx;*.png;*.psd;*.psp;*.ras;*.raw;*.rle;*.tga;*.tif;*.tiff;*.wmf;*.swf;*.pic;*.pict;*.webp;*.avif;*.xcf;</FilesMasks>
      <ExcludeFiles/>
      <SearchDepth>-1</SearchDepth>
      <IsPartialNameSearch>True</IsPartialNameSearch>
      <RegExp>False</RegExp>
      <FollowSymLinks>False</FollowSymLinks>
      <FindInArchives>False</FindInArchives>
      <AttributesPattern>d-</AttributesPattern>
      <IsDateFrom>False</IsDateFrom>
      <IsDateTo>False</IsDateTo>
      <IsTimeFrom>False</IsTimeFrom>
      <IsTimeTo>False</IsTimeTo>
      <IsNotOlderThan>False</IsNotOlderThan>
      <IsFileSizeFrom>False</IsFileSizeFrom>
      <IsFileSizeTo>False</IsFileSizeTo>
      <FileSizeUnit>1</FileSizeUnit>
      <IsFindText>False</IsFindText>
      <IsReplaceText>False</IsReplaceText>
      <HexValue>False</HexValue>
      <CaseSensitive>False</CaseSensitive>
      <NotContainingText>False</NotContainingText>
      <TextRegExp>False</TextRegExp>
      <TextEncoding>Default</TextEncoding>
      <OfficeXML>False</OfficeXML>
      <Duplicates Enabled="False"/>
      <SearchPlugin/>
      <ContentPlugins Enabled="False"/>
    </Template>
    <Template>
      <Name>media-audio</Name>
      <StartPath/>
      <ExcludeDirectories/>
      <FilesMasks>*.wav;*.mp4;*.tta;*.mp3;*.ogg;*.ra;*.au;*.ape;*.wv;*.aac;*.ac3;*.flac;*.fla;*.aif;*.aiff;*.mid;*.ses;*.wma;*.umx;*.vqf;*.voc;*.snd;*.m3u;*.pls;*.mpc;*.mp+;*.mp2;*.mp1;*.okt;*.amf;*.far;*.669;*.ult; .mtm;*.xmz;*.xm;*.itz;*.it;*.s3z;*.s3m;*.stz;*.stm;*.mdz;*.mod;*.miz;*.kar;*.midi;*.rmi;*.cda;*.dff;*.dsf;*.opus;*.m4a;</FilesMasks>
      <ExcludeFiles/>
      <SearchDepth>-1</SearchDepth>
      <IsPartialNameSearch>True</IsPartialNameSearch>
      <RegExp>False</RegExp>
      <FollowSymLinks>False</FollowSymLinks>
      <FindInArchives>False</FindInArchives>
      <AttributesPattern>d-</AttributesPattern>
      <IsDateFrom>False</IsDateFrom>
      <IsDateTo>False</IsDateTo>
      <IsTimeFrom>False</IsTimeFrom>
      <IsTimeTo>False</IsTimeTo>
      <IsNotOlderThan>False</IsNotOlderThan>
      <IsFileSizeFrom>False</IsFileSizeFrom>
      <IsFileSizeTo>False</IsFileSizeTo>
      <FileSizeUnit>1</FileSizeUnit>
      <IsFindText>False</IsFindText>
      <IsReplaceText>False</IsReplaceText>
      <HexValue>False</HexValue>
      <CaseSensitive>False</CaseSensitive>
      <NotContainingText>False</NotContainingText>
      <TextRegExp>False</TextRegExp>
      <TextEncoding>Default</TextEncoding>
      <OfficeXML>False</OfficeXML>
      <Duplicates Enabled="False"/>
      <SearchPlugin/>
      <ContentPlugins Enabled="False"/>
    </Template>
    <Template>
      <Name>text-document</Name>
      <StartPath/>
      <ExcludeDirectories/>
      <FilesMasks>*.txt;*.rus;*.koi;*.eng;*.ger;*.de;*.asc;*.lex;*.lst;*.ans;</FilesMasks>
      <ExcludeFiles/>
      <SearchDepth>-1</SearchDepth>
      <IsPartialNameSearch>True</IsPartialNameSearch>
      <RegExp>False</RegExp>
      <FollowSymLinks>False</FollowSymLinks>
      <FindInArchives>False</FindInArchives>
      <AttributesPattern>d-</AttributesPattern>
      <IsDateFrom>False</IsDateFrom>
      <IsDateTo>False</IsDateTo>
      <IsTimeFrom>False</IsTimeFrom>
      <IsTimeTo>False</IsTimeTo>
      <IsNotOlderThan>False</IsNotOlderThan>
      <IsFileSizeFrom>False</IsFileSizeFrom>
      <IsFileSizeTo>False</IsFileSizeTo>
      <FileSizeUnit>1</FileSizeUnit>
      <IsFindText>False</IsFindText>
      <IsReplaceText>False</IsReplaceText>
      <HexValue>False</HexValue>
      <CaseSensitive>False</CaseSensitive>
      <NotContainingText>False</NotContainingText>
      <TextRegExp>False</TextRegExp>
      <TextEncoding>Default</TextEncoding>
      <OfficeXML>False</OfficeXML>
      <Duplicates Enabled="False"/>
      <SearchPlugin/>
      <ContentPlugins Enabled="False"/>
    </Template>
    <Template>
      <Name>description</Name>
      <StartPath/>
      <ExcludeDirectories/>
      <FilesMasks>*.diz;*.bbs;*.me;*.ion;*.!!!;*.!;*.nfo;*.id;</FilesMasks>
      <ExcludeFiles/>
      <SearchDepth>-1</SearchDepth>
      <IsPartialNameSearch>True</IsPartialNameSearch>
      <RegExp>False</RegExp>
      <FollowSymLinks>False</FollowSymLinks>
      <FindInArchives>False</FindInArchives>
      <AttributesPattern>d-</AttributesPattern>
      <IsDateFrom>False</IsDateFrom>
      <IsDateTo>False</IsDateTo>
      <IsTimeFrom>False</IsTimeFrom>
      <IsTimeTo>False</IsTimeTo>
      <IsNotOlderThan>False</IsNotOlderThan>
      <IsFileSizeFrom>False</IsFileSizeFrom>
      <IsFileSizeTo>False</IsFileSizeTo>
      <FileSizeUnit>1</FileSizeUnit>
      <IsFindText>False</IsFindText>
      <IsReplaceText>False</IsReplaceText>
      <HexValue>False</HexValue>
      <CaseSensitive>False</CaseSensitive>
      <NotContainingText>False</NotContainingText>
      <TextRegExp>False</TextRegExp>
      <TextEncoding>Default</TextEncoding>
      <OfficeXML>False</OfficeXML>
      <Duplicates Enabled="False"/>
      <SearchPlugin/>
      <ContentPlugins Enabled="False"/>
    </Template>
    <Template>
      <Name>web-code-client</Name>
      <StartPath/>
      <ExcludeDirectories/>
      <FilesMasks>*.htm;*.html;*.xml;*.mht;*.css;*.hta;*.js;</FilesMasks>
      <ExcludeFiles/>
      <SearchDepth>-1</SearchDepth>
      <IsPartialNameSearch>True</IsPartialNameSearch>
      <RegExp>False</RegExp>
      <FollowSymLinks>False</FollowSymLinks>
      <FindInArchives>False</FindInArchives>
      <AttributesPattern>d-</AttributesPattern>
      <IsDateFrom>False</IsDateFrom>
      <IsDateTo>False</IsDateTo>
      <IsTimeFrom>False</IsTimeFrom>
      <IsTimeTo>False</IsTimeTo>
      <IsNotOlderThan>False</IsNotOlderThan>
      <IsFileSizeFrom>False</IsFileSizeFrom>
      <IsFileSizeTo>False</IsFileSizeTo>
      <FileSizeUnit>1</FileSizeUnit>
      <IsFindText>False</IsFindText>
      <IsReplaceText>False</IsReplaceText>
      <HexValue>False</HexValue>
      <CaseSensitive>False</CaseSensitive>
      <NotContainingText>False</NotContainingText>
      <TextRegExp>False</TextRegExp>
      <TextEncoding>Default</TextEncoding>
      <OfficeXML>False</OfficeXML>
      <Duplicates Enabled="False"/>
      <SearchPlugin/>
      <ContentPlugins Enabled="False"/>
    </Template>
    <Template>
      <Name>web-code-server</Name>
      <StartPath/>
      <ExcludeDirectories/>
      <FilesMasks>*.php;*.php3;*.phps;*.php4;*.phtml;*.shtml;*.asp;*.pl;*.cgi;</FilesMasks>
      <ExcludeFiles/>
      <SearchDepth>-1</SearchDepth>
      <IsPartialNameSearch>True</IsPartialNameSearch>
      <RegExp>False</RegExp>
      <FollowSymLinks>False</FollowSymLinks>
      <FindInArchives>False</FindInArchives>
      <AttributesPattern>d-</AttributesPattern>
      <IsDateFrom>False</IsDateFrom>
      <IsDateTo>False</IsDateTo>
      <IsTimeFrom>False</IsTimeFrom>
      <IsTimeTo>False</IsTimeTo>
      <IsNotOlderThan>False</IsNotOlderThan>
      <IsFileSizeFrom>False</IsFileSizeFrom>
      <IsFileSizeTo>False</IsFileSizeTo>
      <FileSizeUnit>1</FileSizeUnit>
      <IsFindText>False</IsFindText>
      <IsReplaceText>False</IsReplaceText>
      <HexValue>False</HexValue>
      <CaseSensitive>False</CaseSensitive>
      <NotContainingText>False</NotContainingText>
      <TextRegExp>False</TextRegExp>
      <TextEncoding>Default</TextEncoding>
      <OfficeXML>False</OfficeXML>
      <Duplicates Enabled="False"/>
      <SearchPlugin/>
      <ContentPlugins Enabled="False"/>
    </Template>
    <Template>
      <Name>source-code</Name>
      <StartPath/>
      <ExcludeDirectories/>
      <FilesMasks>*.sbx;*.rbxlx;*.sjr;*.appxbundle;*.ypr;*.lgo;*.rbxs;*.gradle;*.pc;*.kt;*.escn;*.tscn;*.scn;*.jlr;*.pde;*.rbxl;*.egg;*.filters;*.appxmanifest;*.asv;*.aar;*.sb;*.rbxmx;*.asar;*.sb2;*.cs;*.sv;*.set;*.class;*.kv;*.ddm;*.handlebars;*.appx;*.tres;*.ino;*.glade;*.mdown;*.b;*.spt;*.scratch;*.luc;*.tpz;*.urcl;*.global;*.pkl;*.py;*.psd1;*.arr;*.applet;*.cpp;*.dev;*.lua;*.b;*.arsc;*.rs;*.pyproj;*.aab;*.dws;*.appex;*.juk;*.basex;*.worksheet;*.pnt;*.bpr;*.mq5;*.msixbundle;*.lrf;*.edm;*.aidl;*.java;*.c;*.sb3;*.xap;*.sex;*.md;*.ts;*.jav;*.dcr;*.gml;*.ocx;*.csproj;*.asm;*.vbp;*.scm;*.cxt;*.vcproj;*.sh;*.tpk;*.swc;*.rbxm;*.po;*.config;*.mfa;*.patch;*.dex;*.yml;*.sln;*.xsd;*.mf;*.rpy;*.res;*.proto;*.pwn;*.resources;*.vb;*.res;*.hpp;*.capx;*.fpm;*.apks;*.alm;*.car;*.w32;*.so;*.pas;*.bytes;*.gmk;*.ise;*.gmx;*.ftl;*.qpr;*.mo;*.pbg;*.fla;*.cod;*.targets;*.bbc;*.xqy;*.fbp;*.o;*.y;*.d;*.suo;*.ex;*.swd;*.vbproj;*.sol;*.gm81;*.fs;*.bas;*.def;*.cd;*.pl;*.sym;*.v12.suo;*.nxc;*.mxml;*.gitattributes;*.vdproj;*.abc;*.smali;*.bluej;*.t;*.markdown;*.s;*.frx;*.cdx;*.dox;*.sma;*.dtd;*.ml;*.rc;*.4db;*.f;*.s19;*.erb;*.gpj;*.pyd;*.ctp;*.ssi;*.bet;*.idb;*.ane;*.nib;*.psess;*.r;*.fcl;*.resx;*.aia;*.appxupload;*.swift;*.ui;*.frm;*.ap_;*.l;*.tt;*.wasm;*.pom;*.mk;*.appxsym;*.scc;*.apa;*.trx;*.caproj;*.au3;*.nupkg;*.ru;*.xt;*.bos;*.fxml;*.ppc;*.ipr;*.mpx;*.ilk;*.rdlc;*.in;*.ymp;*.omo;*.i;*.gs;*.h;*.hh;*.storyboard;*.tk;*.nk;*.as3proj;*.aml;*.rexx;*.myapp;*.gem;*.rul;*.cxp;*.vcxproj;*.hbs;*.hs;*.pyw;*.pb;*.as;*.btn;*.tmproject;*.octest;*.cc;*.ctc;*.pmq;*.testsettings;*.asdb;*.pbk;*.dbproj;*.chef;*.awk;*.fpt;*.testrunconfig;*.jspf;*.csp;*.ads;*.twig;*.aiml;*.fxc;*.frx;*.cp;*.pjx;*.mm;*.vjp;*.pbxuser;*.rb;*.pas;*.gsproj;*.gbs;*.am4;*.dcp;*.sc;*.yaml;*.bpl;*.adb;*.aps;*.asc;*.cbp;*.livecode;*.i;*.diff;*.vbx;*.ipch;*.am7;*.x;*.makefile;*.xbf;*.p;*.vhd;*.iml;*.v;*.asi;*.vm;*.m;*.pri;*.sem;*.idl;*.ptl;*.spt;*.mrsn;*.scala;*.ctx;*.$01;*.dylib;*.xcworkspace;*.kdevprj;*.dmd;*.001;*.csx;*.svn-base;*.var;*.dsk;*.as2proj;*.pika;*.framework;*.autoplay;*.m;*.ob2;*.jl;*.w;*.workspace;*.rsrc;*.res;*.xsx;*.ism;*.am;*.setup;*.go;*.xcdatamodeld;*.actx;*.flatpak;*.vbg;*.pbxproj;*.ccs;*.act;*.perspective;*.for;*.mshi;*.mss;*.wdw;*.sbr;*.xamlx;*.meshlib;*.msixupload;*.entitlements;*.fce;*.nuspec;*.wdl;*.bdsproj;*.rc2;*.xpp;*.dproj;*.wiq;*.dgml;*.lbs;*.inf;*.df1;*.tsp;*.lds;*.oca;*.atlas;*.iconset;*.xcconfig;*.xaml;*.jpd;*.agi;*.mkd;*.haml;*.pro;*.nsl;*.abc;*.rbc;*.ltb;*.jed;*.nvv;*.wapproj;*.tpl;*.vwl;*.med;*.mvx;*.wowproj;*.sltng;*.mlb;*.erl;*.dbml;*.hydra;*.oxygene;*.prg;*.bsc;*.clw;*.wsc;*.xsb;*.jsfl;*.alb;*.dsgm;*.jsh;*.gld;*.fsscript;*.ph;*.vsct;*.ipr;*.pbxbtree;*.ddp;*.cto;*.hxx;*.sdl;*.dabriefcase;*.lol;*.bb;*.asm;*.lsp;*.m;*.mrt;*.cu;*.m4;*.wsp;*.dpl;*.inc;*.mcp;*.cdf;*.a2w;*.owl;*.cls;*.lnt;*.elc;*.dpr;*.cxx;*.ppl;*.vpc;*.gm;*.gch;*.vac;*.f90;*.pkgdef;*.pyx;*.hrl;*.cbl;*.nbc;*.ftn;*.pl1;*.project;*.gwd;*.sup;*.fpp;*.hal;*.md;*.forth;*.cp;*.fsproj;*.xcode;*.tmpl;*.webtest;*.mshc;*.vhdl;*.wxl;*.sud;*.ctxt;*.xoml;*.pbj;*.pickle;*.xojo_xml_project;*.xq;*.pcp;*.edml;*.v11.suo;*.msha;*.vssscc;*.rls;*.lisp;*.gitignore;*.src;*.exp;*.nls;*.v;*.dart;*.winmd;*.jpr;*.pot;*.pl;*.wxs;*.mq4;*.gitkeep;*.plc;*.mako;*.iwb;*.lbi;*.defs;*.vdp;*.sas;*.nw;*.buildsetting;*.msix;*.dgsl;*.pli;*.ccn;*.uft;*.vsmacros;*.ist;*.edmx;*.tcc;*.pm;*.uml;*.mer;*.jic;*.inl;*.dob;*.ddx;*.yml2;*.hhh;*.mv;*.a;*.el;*.csi;*.dsym;*.mak;*.j;*.alp;*.playground;*.kpl;*.adblock;*.hpf;*.plg;*.resw;*.depend;*.nsi;*.ss;*.pxd;*.os;*.sb;*.gnumakefile;*.sed;*.kdmp;*.workbook;*.axe;*.ccs;*.xojo_binary_menu;*.orderedtest;*.installstate;*.linq;*.cmake;*.f95;*.f2k;*.make;*.pdl;*.ni;*.kdevdlg;*.fd;*.pxi;*.reb;*.nim;*.mqh;*.vic;*.d;*.fimpp;*.tbd;*.cba;*.vsz;*.pug;*.snippet;*.fgl;*.fsproj;*.bs2;*.mod;*.vsps;*.tpu;*.vspx;*.dec;*.rodl;*.fxl;*.ccgame;*.gm6;*.fbz7;*.rbp;*.ctl;*.dcuil;*.vbz;*.tlh;*.scriptterminology;*.has;*.gorm;*.clips;*.gameproj;*.gszip;*.resjson;*.wpw;*.wdp;*.fxcproj;*.pdm;*.kdevelop;*.wdgtproj;*.xcappdata;*.xql;*.addin;*.tli;*.ncb;*.exw;*.pri;*.mom;*.nqc;*.fxpl;*.licx;*.gmo;*.vspscc;*.ple;*.wdgt;*.prg;*.xqm;*.ged;*.ned;*.lxsproj;*.am5;*.am6;*.tmproj;*.bbproject;*.textfactory;*.iws;*.tur;*.tmlanguage;*.tld;*.nsh;*.gs3;*.xcsnapshots;*.ccp;*.dpkw;*.mdzip;*.pkgundef;*.wixlib;*.src.rpm;*.bcp;*.asvf;*.cob;*.lucidsnippet;*.wixout;*.wixpdb;*.wixmst;*.xojo_menu;*.neko;*.xojo_binary_project;*.vtm;*.rex;*.paw;*.oat;*.fsx;*.diagsession;*.mpws;*.nuproj;*.natvis;*.p3d;*.ejs;*.jcp;*.slogo;*.eql;*.gemspec;*.dm1;*.refresh;*.sqlproj;*.tns;*.dep;*.ent;*.caf;*.tcl;*.vdm;*.c;*.qml;*.dox;*.pn;*.cap;*.tds;*.brx;*.p6;*.kb;*.dba;*.idt;*.bsh;*.lproj;*.licenses;*.aml;*.vc;*.fsl;*.4th;*.inform;*.dsp;*.jnilib;*.cpb;*.rkt;*.vdm;*.acd;*.xib;*.xcodeproj;*.spec;*.xojo_xml_menu;*.ppu;*.lis;*.pfg;*.rnc;*.jss;*.bbprojectd;*.dres;*.greenfoot;*.psc;*.prg;*.pch;*.anjuta;*.as;*.cst;*.ow;*.rotest;*.hhp;*.ddd;*.mpr;*.sml;*.xcarchive;*.dpk;*.ccc;*.plm;*.ab;*.p;*.msp;*.rbw;*.rise;*.prg;*.xojo_binary_toolbar;*.generictest;*.groupproj;*.dcproj;*.bur;*.psm1;*.pod;*.bpg;*.sdef;*.gfar;*.vsmdi;*.vsmproj;*.csn;*.xojo_project;*.cvsrc;*.aut;*.lsproj;*.gar;*.list;*.rav;*.sbproj;*.vala;*.vtv;*.vtml;*.r;*.wixproj;*.meml;*.rss;*.vsp;*.jsxinc;*.vjsproj;*.vshost.exe;*.ci;*.ecp;*.odl;*.buildpath;*.pde;*.dfm;*.csi;*.lhs;*.pym;*.gvy;*.jdp;*.dge;*.docset;*.sll;*.feature;*.msl;*.isc;*.xojo_xml_window;*.a3x;*.rbw;*.gbap;*.i7;*.gbas;*.i6t;*.slogt;*.i7x;*.cmi;*.installlog;*.ch;*.mblock;*.bky;*.ld;*.frj;*.pineapple;*.cjs;*.gbr;*.oml;*.ridl;*.dcu;*.lang;*.scriptsuite;*.i6;*.xojo_toolbar;*.pkproj;*.ada;*.td;*.discordbot;*.artproj;*.dbo;*.mfcribbon-ms;*.yab;*.vcp;*.vc4;*.vcx;*.ctsym;*.markdn;*.apr;*.wixmsp;*.fsi;*.wixobj;*.sgpbpr;*.wxi;*.deviceids;*.pty;*.cfc;*.sgpsc;*.iwz;*.lit;*.oap;*.ccscc;*.pltsuite;*.xojo_window;*.rotestresult;*.xcdatamodel;*.umlclass;*.smf;*.rwsnippet;*.gdfmakerproject;*.magik;*.fbp7;*.xojo_xml_toolbar;*.vgc;*.cdxml;*.cma;*.eba;*.rdoc;*.xquery;*.mode2v3;*.perspectivev3;*.ckbx;*.gbm;*.kvk;*.acp;*.loadtest;*.ssc;*.lrdb;*.nfm;*.vsl;*.rsp;*.asx;*.vcxitems;*.shproj;*.dbpro;*.svh;*.dba;*.xtb;*.pro;*.vspf;*.alx;*.toml;*.groovy;*.art;*.kct;*.wid;*.ipp;*.developerprofile;*.rb;*.tu;*.gls;*.exl;*.gmd;*.lit;*.xojo_binary_window;*.sublime-build;*.sjava;*.daconfig;*.mode1v3;*.ascs;*.jpx;*.pbproj;*.osc;*.vsixmanifest;*.tiprogram;*.gpj;*.tpx;*.kps;*.r;*.rbm;*.qx;*.dfk;*.r;*.rdoc_options;*.jsh;*.clp;*.hcf;*.cham;*.rbvcp;*.eth;*.dis;*.drf;*.ahk;</FilesMasks>
      <ExcludeFiles/>
      <SearchDepth>-1</SearchDepth>
      <IsPartialNameSearch>True</IsPartialNameSearch>
      <RegExp>False</RegExp>
      <FollowSymLinks>False</FollowSymLinks>
      <FindInArchives>False</FindInArchives>
      <AttributesPattern>d-</AttributesPattern>
      <IsDateFrom>False</IsDateFrom>
      <IsDateTo>False</IsDateTo>
      <IsTimeFrom>False</IsTimeFrom>
      <IsTimeTo>False</IsTimeTo>
      <IsNotOlderThan>False</IsNotOlderThan>
      <IsFileSizeFrom>False</IsFileSizeFrom>
      <IsFileSizeTo>False</IsFileSizeTo>
      <FileSizeUnit>1</FileSizeUnit>
      <IsFindText>False</IsFindText>
      <IsReplaceText>False</IsReplaceText>
      <HexValue>False</HexValue>
      <CaseSensitive>False</CaseSensitive>
      <NotContainingText>False</NotContainingText>
      <TextRegExp>False</TextRegExp>
      <TextEncoding>Default</TextEncoding>
      <OfficeXML>False</OfficeXML>
      <Duplicates Enabled="False"/>
      <SearchPlugin/>
      <ContentPlugins Enabled="False"/>
    </Template>
    <Template>
      <Name>disc-image</Name>
      <StartPath/>
      <ExcludeDirectories/>
      <FilesMasks>*.dax;*.dmg;*.cso;*.iso;*.dmgpart;*.rom;*.img;*.qcow;*.mdf;*.bin;*.vdi;*.mds;*.ccd;*.dvd;*.vmdk;*.dsk;*.qcow2;*.d00;*.vaporcd;*.ibp;*.i02;*.l01;*.bws;*.cif;*.mbi;*.wlz;*.ashdisc;*.xdi;*.avhd;*.t64;*.dbr;*.nri;*.sdi;*.vhd;*.nrg;*.xvd;*.cdt;*.md0;*.mdx;*.daa;*.dcf;*.vc4;*.sub;*.ex01;*.cdi;*.hds;*.wim;*.uibak;*.xva;*.e01;*.lcd;*.iso;*.bwt;*.d64;*.ndif;*.cdm;*.vhdx;*.tib;*.ima;*.ipf;*.b6i;*.ecm;*.hfs;*.bif;*.adz;*.i01;*.2mg;*.dvdr;*.sdsk;*.toast;*.isz;*.cdr;*.wud;*.disc;*.omg;*.p01;*.vcd;*.img;*.adf;*.uif;*.img;*.sco;*.sqfs;*.bwi;*.d01;*.vfd;*.woz;*.md1;*.x64;*.vcd;*.000;*.hdi;*.disk;*.st;*.wmt;*.tap;*.mrimg;*.flp;*.ibq;*.b5i;*.bdf;*.ciso;*.mlc;*.hc;*.pvm;*.lx01;*.gbi;*.tc;*.smi;*.swm;*.vmwarevm;*.rcl;*.image;*.fdd;*.toc;*.flg;*.aff;*.udf;*.nn;*.tzx;*.pqi;*.hdd;*.ede;*.vdi;*.rdf;*.edk;*.afd;*.eui;*.cfs;*.bwz;*.pxi;*.cl5;*.gkh;*.fdi;*.partimg;*.sopt;*.p01;*.md1;*.pmf;*.sparseimage;*.p2g;*.ixa;*.vco;*.vcx;*.bwa;*.hfv;*.pgd;*.md2;*.pdi;*.i00;*.gi;*.imz;*.eda;*.iso;*.dms;*.wbi;*.gdrive;*.c2d;*.ibb;*.cue;*.b5t;*.cd;*.edv;*.utm;*.miniso;*.fcd;*.mir;*.dxp;*.volarchive;*.winclone;*.atr;*.nkit;*.xa;*.sparsebundle;*.imd;*.g41;*.lnx;*.ibadr;*.td0;*.wii;*.86f;*.xmd;*.b6t;*.ncd;*.ratdvd;*.qed;*.d88;*.tao;*.vc6;*.wil;*.simg;*.afm;*.nfi;*.gcd;*.p2i;*.edq;*.pgx;*.k3b;*.adf;*.xmf;*.dao;*.eds;*.aa;*.vc8;*.ibdat;*.ufs;</FilesMasks>
      <ExcludeFiles/>
      <SearchDepth>-1</SearchDepth>
      <IsPartialNameSearch>True</IsPartialNameSearch>
      <RegExp>False</RegExp>
      <FollowSymLinks>False</FollowSymLinks>
      <FindInArchives>False</FindInArchives>
      <AttributesPattern>d-</AttributesPattern>
      <IsDateFrom>False</IsDateFrom>
      <IsDateTo>False</IsDateTo>
      <IsTimeFrom>False</IsTimeFrom>
      <IsTimeTo>False</IsTimeTo>
      <IsNotOlderThan>False</IsNotOlderThan>
      <IsFileSizeFrom>False</IsFileSizeFrom>
      <IsFileSizeTo>False</IsFileSizeTo>
      <FileSizeUnit>1</FileSizeUnit>
      <IsFindText>False</IsFindText>
      <IsReplaceText>False</IsReplaceText>
      <HexValue>False</HexValue>
      <CaseSensitive>False</CaseSensitive>
      <NotContainingText>False</NotContainingText>
      <TextRegExp>False</TextRegExp>
      <TextEncoding>Default</TextEncoding>
      <OfficeXML>False</OfficeXML>
      <Duplicates Enabled="False"/>
      <SearchPlugin/>
      <ContentPlugins Enabled="False"/>
    </Template>
    <Template>
      <Name>directory</Name>
      <StartPath/>
      <ExcludeDirectories/>
      <FilesMasks>*</FilesMasks>
      <ExcludeFiles/>
      <SearchDepth>-1</SearchDepth>
      <IsPartialNameSearch>True</IsPartialNameSearch>
      <RegExp>False</RegExp>
      <FollowSymLinks>False</FollowSymLinks>
      <FindInArchives>False</FindInArchives>
      <AttributesPattern>d+</AttributesPattern>
      <IsDateFrom>False</IsDateFrom>
      <IsDateTo>False</IsDateTo>
      <IsTimeFrom>False</IsTimeFrom>
      <IsTimeTo>False</IsTimeTo>
      <IsNotOlderThan>False</IsNotOlderThan>
      <IsFileSizeFrom>False</IsFileSizeFrom>
      <IsFileSizeTo>False</IsFileSizeTo>
      <FileSizeUnit>1</FileSizeUnit>
      <IsFindText>False</IsFindText>
      <IsReplaceText>False</IsReplaceText>
      <HexValue>False</HexValue>
      <CaseSensitive>False</CaseSensitive>
      <NotContainingText>False</NotContainingText>
      <TextRegExp>False</TextRegExp>
      <TextEncoding>Default</TextEncoding>
      <OfficeXML>False</OfficeXML>
      <Duplicates Enabled="False"/>
      <SearchPlugin/>
      <ContentPlugins Enabled="False"/>
    </Template>
    <Template>
      <Name>configuration</Name>
      <StartPath/>
      <ExcludeDirectories/>
      <FilesMasks>*.ini;*.cfg;*.conf;*.cue;*.json;</FilesMasks>
      <ExcludeFiles/>
      <SearchDepth>-1</SearchDepth>
      <IsPartialNameSearch>True</IsPartialNameSearch>
      <RegExp>False</RegExp>
      <FollowSymLinks>False</FollowSymLinks>
      <FindInArchives>False</FindInArchives>
      <AttributesPattern>d-</AttributesPattern>
      <IsDateFrom>False</IsDateFrom>
      <IsDateTo>False</IsDateTo>
      <IsTimeFrom>False</IsTimeFrom>
      <IsTimeTo>False</IsTimeTo>
      <IsNotOlderThan>False</IsNotOlderThan>
      <IsFileSizeFrom>False</IsFileSizeFrom>
      <IsFileSizeTo>False</IsFileSizeTo>
      <FileSizeUnit>1</FileSizeUnit>
      <IsFindText>False</IsFindText>
      <IsReplaceText>False</IsReplaceText>
      <HexValue>False</HexValue>
      <CaseSensitive>False</CaseSensitive>
      <NotContainingText>False</NotContainingText>
      <TextRegExp>False</TextRegExp>
      <TextEncoding>Default|</TextEncoding>
      <OfficeXML>False</OfficeXML>
      <Duplicates Enabled="False"/>
      <SearchPlugin/>
      <ContentPlugins Enabled="False"/>
    </Template>
    <Template>
      <Name>system</Name>
      <StartPath/>
      <ExcludeDirectories/>
      <FilesMasks>*</FilesMasks>
      <ExcludeFiles/>
      <SearchDepth>-1</SearchDepth>
      <IsPartialNameSearch>True</IsPartialNameSearch>
      <RegExp>False</RegExp>
      <FollowSymLinks>False</FollowSymLinks>
      <FindInArchives>False</FindInArchives>
      <AttributesPattern>d-s+</AttributesPattern>
      <IsDateFrom>False</IsDateFrom>
      <IsDateTo>False</IsDateTo>
      <IsTimeFrom>False</IsTimeFrom>
      <IsTimeTo>False</IsTimeTo>
      <IsNotOlderThan>False</IsNotOlderThan>
      <IsFileSizeFrom>False</IsFileSizeFrom>
      <IsFileSizeTo>False</IsFileSizeTo>
      <FileSizeUnit>1</FileSizeUnit>
      <IsFindText>False</IsFindText>
      <IsReplaceText>False</IsReplaceText>
      <HexValue>False</HexValue>
      <CaseSensitive>False</CaseSensitive>
      <NotContainingText>False</NotContainingText>
      <TextRegExp>False</TextRegExp>
      <TextEncoding>Default</TextEncoding>
      <OfficeXML>False</OfficeXML>
      <Duplicates Enabled="False"/>
      <SearchPlugin/>
      <ContentPlugins Enabled="False"/>
    </Template>
    <Template>
      <Name>video-subtitle</Name>
      <StartPath/>
      <ExcludeDirectories/>
      <FilesMasks>*.psb;*.srt;*.ssa;*.ass;*.sub;*.sami;*.smil;*.smi;*.usf;*.vtt;</FilesMasks>
      <ExcludeFiles/>
      <SearchDepth>-1</SearchDepth>
      <IsPartialNameSearch>True</IsPartialNameSearch>
      <RegExp>False</RegExp>
      <FollowSymLinks>False</FollowSymLinks>
      <FindInArchives>False</FindInArchives>
      <AttributesPattern>d-</AttributesPattern>
      <IsDateFrom>False</IsDateFrom>
      <IsDateTo>False</IsDateTo>
      <IsTimeFrom>False</IsTimeFrom>
      <IsTimeTo>False</IsTimeTo>
      <IsNotOlderThan>False</IsNotOlderThan>
      <IsFileSizeFrom>False</IsFileSizeFrom>
      <IsFileSizeTo>False</IsFileSizeTo>
      <FileSizeUnit>1</FileSizeUnit>
      <IsFindText>False</IsFindText>
      <IsReplaceText>False</IsReplaceText>
      <HexValue>False</HexValue>
      <CaseSensitive>False</CaseSensitive>
      <NotContainingText>False</NotContainingText>
      <TextRegExp>False</TextRegExp>
      <TextEncoding>Default</TextEncoding>
      <OfficeXML>False</OfficeXML>
      <Duplicates Enabled="False"/>
      <SearchPlugin/>
      <ContentPlugins Enabled="False"/>
    </Template>
    <Template>
      <Name>hidden</Name>
      <StartPath/>
      <ExcludeDirectories/>
      <FilesMasks>*</FilesMasks>
      <ExcludeFiles/>
      <SearchDepth>-1</SearchDepth>
      <IsPartialNameSearch>True</IsPartialNameSearch>
      <RegExp>False</RegExp>
      <FollowSymLinks>False</FollowSymLinks>
      <FindInArchives>False</FindInArchives>
      <AttributesPattern>h+</AttributesPattern>
      <IsDateFrom>False</IsDateFrom>
      <IsDateTo>False</IsDateTo>
      <IsTimeFrom>False</IsTimeFrom>
      <IsTimeTo>False</IsTimeTo>
      <IsNotOlderThan>False</IsNotOlderThan>
      <IsFileSizeFrom>False</IsFileSizeFrom>
      <IsFileSizeTo>False</IsFileSizeTo>
      <FileSizeUnit>1</FileSizeUnit>
      <IsFindText>False</IsFindText>
      <IsReplaceText>False</IsReplaceText>
      <HexValue>False</HexValue>
      <CaseSensitive>False</CaseSensitive>
      <NotContainingText>False</NotContainingText>
      <TextRegExp>False</TextRegExp>
      <TextEncoding>Default</TextEncoding>
      <OfficeXML>False</OfficeXML>
      <Duplicates Enabled="False"/>
      <SearchPlugin/>
      <ContentPlugins Enabled="False"/>
    </Template>
    <Template>
      <Name>binary-document</Name>
      <StartPath/>
      <ExcludeDirectories/>
      <FilesMasks>*.hwp;*.doc;*.xls;*.xlsx;*.csv;*.dot;*.ppt;*.wri;*.rtf;*.pdf;*.svg;*.mcw;*.wps;*.ods;*.docx;</FilesMasks>
      <ExcludeFiles/>
      <SearchDepth>-1</SearchDepth>
      <IsPartialNameSearch>True</IsPartialNameSearch>
      <RegExp>False</RegExp>
      <FollowSymLinks>False</FollowSymLinks>
      <FindInArchives>False</FindInArchives>
      <AttributesPattern/>
      <IsDateFrom>False</IsDateFrom>
      <IsDateTo>False</IsDateTo>
      <IsTimeFrom>False</IsTimeFrom>
      <IsTimeTo>False</IsTimeTo>
      <IsNotOlderThan>False</IsNotOlderThan>
      <IsFileSizeFrom>False</IsFileSizeFrom>
      <IsFileSizeTo>False</IsFileSizeTo>
      <FileSizeUnit>1</FileSizeUnit>
      <IsFindText>False</IsFindText>
      <IsReplaceText>False</IsReplaceText>
      <HexValue>False</HexValue>
      <CaseSensitive>False</CaseSensitive>
      <NotContainingText>False</NotContainingText>
      <TextRegExp>False</TextRegExp>
      <TextEncoding>Default</TextEncoding>
      <OfficeXML>False</OfficeXML>
      <Duplicates Enabled="False"/>
      <SearchPlugin/>
      <ContentPlugins Enabled="False"/>
    </Template>
    <Template>
      <Name>media-fmsynth</Name>
      <StartPath/>
      <ExcludeDirectories/>
      <FilesMasks>*.mid;*.midi;*.rmi;*.kar;*.mids;*.mds;*.hmi;*.hmp;*.mus;*.xmi;*.xfm;*.lds;*.rcp;*.r36;*.g18;*.g36;*.xmf*.mxmf;*.mmf;*.ay;*.gbs;*.gym;*.hes;*.kss;*.nsf;*.nsfe;*.sap;*.sfm;*.sgc;*.spc;*.vgm;</FilesMasks>
      <ExcludeFiles/>
      <SearchDepth>-1</SearchDepth>
      <IsPartialNameSearch>True</IsPartialNameSearch>
      <RegExp>False</RegExp>
      <FollowSymLinks>False</FollowSymLinks>
      <FindInArchives>False</FindInArchives>
      <AttributesPattern/>
      <IsDateFrom>False</IsDateFrom>
      <IsDateTo>False</IsDateTo>
      <IsTimeFrom>False</IsTimeFrom>
      <IsTimeTo>False</IsTimeTo>
      <IsNotOlderThan>False</IsNotOlderThan>
      <IsFileSizeFrom>False</IsFileSizeFrom>
      <IsFileSizeTo>False</IsFileSizeTo>
      <FileSizeUnit>1</FileSizeUnit>
      <IsFindText>False</IsFindText>
      <IsReplaceText>False</IsReplaceText>
      <HexValue>False</HexValue>
      <CaseSensitive>False</CaseSensitive>
      <NotContainingText>False</NotContainingText>
      <TextRegExp>False</TextRegExp>
      <TextEncoding>Default|</TextEncoding>
      <OfficeXML>False</OfficeXML>
      <Duplicates Enabled="False"/>
      <SearchPlugin/>
      <ContentPlugins Enabled="False"/>
    </Template>
  </SearchTemplates>
  <ColumnsSets DefaultTitleHash="540805403">
    <ColumnsSet UseFrameCursor="True">
      <Name>dev</Name>
      <Unique>78059725-2D13-4861-BCA4-0CEC62EE1A11</Unique>
      <CustomView>False</CustomView>
      <FileSystem>&lt;General&gt;</FileSystem>
      <PixelsPerInch>96</PixelsPerInch>
      <CursorBorder Enabled="False"/>
      <Columns>
        <Column>
          <Title>Name</Title>
          <Unique>13CF491A-20D5-44F4-AFAD-002CD9062C47</Unique>
          <FuncString>[DC().GETFILENAMENOEXT{}]</FuncString>
          <Width>370</Width>
          <Align>0</Align>
          <Font>
            <Name>D2Coding</Name>
            <Size>10</Size>
            <Style>0</Style>
            <Quality>0</Quality>
          </Font>
          <UseInvertedSelection>True</UseInvertedSelection>
          <UseInactiveSelColor>True</UseInactiveSelColor>
          <Overcolor>True</Overcolor>
        </Column>
        <Column>
          <Title>Ext</Title>
          <Unique>09BD677B-A718-47B4-965E-69C06CA60FD3</Unique>
          <FuncString>[DC().GETFILEEXT{}]</FuncString>
          <Width>76</Width>
          <Align>0</Align>
          <Font>
            <Name>D2Coding</Name>
            <Size>10</Size>
            <Style>0</Style>
            <Quality>0</Quality>
          </Font>
          <UseInvertedSelection>True</UseInvertedSelection>
          <UseInactiveSelColor>True</UseInactiveSelColor>
          <Overcolor>True</Overcolor>
        </Column>
        <Column>
          <Title>Size</Title>
          <Unique>D285BF3E-FFA8-4C28-9BD4-24566953421C</Unique>
          <FuncString>[DC().GETFILESIZE{}]</FuncString>
          <Width>76</Width>
          <Align>1</Align>
          <Font>
            <Name>D2Coding</Name>
            <Size>10</Size>
            <Style>0</Style>
            <Quality>0</Quality>
          </Font>
          <UseInvertedSelection>True</UseInvertedSelection>
          <UseInactiveSelColor>True</UseInactiveSelColor>
          <Overcolor>True</Overcolor>
        </Column>
        <Column>
          <Title>Creation time</Title>
          <Unique>2F304F3B-3A41-449E-BC24-28FB63ECF5DD</Unique>
          <FuncString>[DC().GETFILECREATIONTIME{}]</FuncString>
          <Width>102</Width>
          <Align>1</Align>
          <Font>
            <Name>D2Coding</Name>
            <Size>10</Size>
            <Style>0</Style>
            <Quality>0</Quality>
          </Font>
          <UseInvertedSelection>True</UseInvertedSelection>
          <UseInactiveSelColor>True</UseInactiveSelColor>
          <Overcolor>True</Overcolor>
        </Column>
        <Column>
          <Title>Access time</Title>
          <Unique>88A0E721-4B21-4BDF-BC61-DACC6718821D</Unique>
          <FuncString>[DC().GETFILELASTACCESSTIME{}]</FuncString>
          <Width>102</Width>
          <Align>1</Align>
          <Font>
            <Name>D2Coding</Name>
            <Size>10</Size>
            <Style>0</Style>
            <Quality>0</Quality>
          </Font>
          <UseInvertedSelection>True</UseInvertedSelection>
          <UseInactiveSelColor>True</UseInactiveSelColor>
          <Overcolor>True</Overcolor>
        </Column>
        <Column>
          <Title>Attr</Title>
          <Unique>E2F27123-E08A-4FE2-9148-72890722A295</Unique>
          <FuncString>[DC().GETFILEATTR{}]</FuncString>
          <Width>64</Width>
          <Align>1</Align>
          <Font>
            <Name>D2Coding</Name>
            <Size>10</Size>
            <Style>0</Style>
            <Quality>0</Quality>
          </Font>
          <UseInvertedSelection>True</UseInvertedSelection>
          <UseInactiveSelColor>True</UseInactiveSelColor>
          <Overcolor>True</Overcolor>
        </Column>
        <Column>
          <Title>Path</Title>
          <Unique>D6966B44-2596-4FD8-9DD8-7A4B18BCF4FA</Unique>
          <FuncString>[DC().GETFILEPATH{}]</FuncString>
          <Width>30</Width>
          <Align>0</Align>
          <Font>
            <Name>D2Coding</Name>
            <Size>10</Size>
            <Style>0</Style>
            <Quality>0</Quality>
          </Font>
          <UseInvertedSelection>True</UseInvertedSelection>
          <UseInactiveSelColor>True</UseInactiveSelColor>
          <Overcolor>True</Overcolor>
        </Column>
      </Columns>
    </ColumnsSet>
  </ColumnsSets>
  <Plugins>
    <DsxPlugins/>
    <WcxPlugins>
      <WcxPlugin Enabled="True">
        <ArchiveExt>jar</ArchiveExt>
        <Path>%commander_path%\plugins\wcx\sevenzip\sevenzip.wcx</Path>
        <Flags>4</Flags>
      </WcxPlugin>
      <WcxPlugin Enabled="True">
        <ArchiveExt>7z</ArchiveExt>
        <Path>%commander_path%\plugins\wcx\sevenzip\sevenzip.wcx</Path>
        <Flags>767</Flags>
      </WcxPlugin>
      <WcxPlugin Enabled="True">
        <ArchiveExt>tar</ArchiveExt>
        <Path>%commander_path%\plugins\wcx\sevenzip\sevenzip.wcx</Path>
        <Flags>223</Flags>
      </WcxPlugin>
      <WcxPlugin Enabled="True">
        <ArchiveExt>bz2</ArchiveExt>
        <Path>%commander_path%\plugins\wcx\zip\zip.wcx</Path>
        <Flags>91</Flags>
      </WcxPlugin>
      <WcxPlugin Enabled="True">
        <ArchiveExt>tbz</ArchiveExt>
        <Path>%commander_path%\plugins\wcx\sevenzip\sevenzip.wcx</Path>
        <Flags>95</Flags>
      </WcxPlugin>
      <WcxPlugin Enabled="True">
        <ArchiveExt>gz</ArchiveExt>
        <Path>%commander_path%\plugins\wcx\sevenzip\sevenzip.wcx</Path>
        <Flags>91</Flags>
      </WcxPlugin>
      <WcxPlugin Enabled="True">
        <ArchiveExt>tgz</ArchiveExt>
        <Path>%commander_path%\plugins\wcx\sevenzip\sevenzip.wcx</Path>
        <Flags>95</Flags>
      </WcxPlugin>
      <WcxPlugin Enabled="True">
        <ArchiveExt>lzma</ArchiveExt>
        <Path>%commander_path%\plugins\wcx\zip\zip.wcx</Path>
        <Flags>1</Flags>
      </WcxPlugin>
      <WcxPlugin Enabled="True">
        <ArchiveExt>tlz</ArchiveExt>
        <Path>%commander_path%\plugins\wcx\sevenzip\sevenzip.wcx</Path>
        <Flags>95</Flags>
      </WcxPlugin>
      <WcxPlugin Enabled="True">
        <ArchiveExt>xz</ArchiveExt>
        <Path>%commander_path%\plugins\wcx\sevenzip\sevenzip.wcx</Path>
        <Flags>4</Flags>
      </WcxPlugin>
      <WcxPlugin Enabled="True">
        <ArchiveExt>txz</ArchiveExt>
        <Path>%commander_path%\plugins\wcx\sevenzip\sevenzip.wcx</Path>
        <Flags>4</Flags>
      </WcxPlugin>
      <WcxPlugin Enabled="True">
        <ArchiveExt>zipx</ArchiveExt>
        <Path>%commander_path%\plugins\wcx\sevenzip\sevenzip.wcx</Path>
        <Flags>223</Flags>
      </WcxPlugin>
      <WcxPlugin Enabled="True">
        <ArchiveExt>cpio</ArchiveExt>
        <Path>%commander_path%\plugins\wcx\sevenzip\sevenzip.wcx</Path>
        <Flags>4</Flags>
      </WcxPlugin>
      <WcxPlugin Enabled="True">
        <ArchiveExt>deb</ArchiveExt>
        <Path>%commander_path%\plugins\wcx\sevenzip\sevenzip.wcx</Path>
        <Flags>4</Flags>
      </WcxPlugin>
      <WcxPlugin Enabled="True">
        <ArchiveExt>arj</ArchiveExt>
        <Path>%commander_path%\plugins\wcx\sevenzip\sevenzip.wcx</Path>
        <Flags>4</Flags>
      </WcxPlugin>
      <WcxPlugin Enabled="True">
        <ArchiveExt>cab</ArchiveExt>
        <Path>%commander_path%\plugins\wcx\sevenzip\sevenzip.wcx</Path>
        <Flags>4</Flags>
      </WcxPlugin>
      <WcxPlugin Enabled="True">
        <ArchiveExt>cramfs</ArchiveExt>
        <Path>%commander_path%\plugins\wcx\sevenzip\sevenzip.wcx</Path>
        <Flags>4</Flags>
      </WcxPlugin>
      <WcxPlugin Enabled="True">
        <ArchiveExt>dmg</ArchiveExt>
        <Path>%commander_path%\plugins\wcx\sevenzip\sevenzip.wcx</Path>
        <Flags>4</Flags>
      </WcxPlugin>
      <WcxPlugin Enabled="True">
        <ArchiveExt>fat</ArchiveExt>
        <Path>%commander_path%\plugins\wcx\sevenzip\sevenzip.wcx</Path>
        <Flags>4</Flags>
      </WcxPlugin>
      <WcxPlugin Enabled="True">
        <ArchiveExt>hfs</ArchiveExt>
        <Path>%commander_path%\plugins\wcx\sevenzip\sevenzip.wcx</Path>
        <Flags>4</Flags>
      </WcxPlugin>
      <WcxPlugin Enabled="True">
        <ArchiveExt>iso</ArchiveExt>
        <Path>%commander_path%\plugins\wcx\sevenzip\sevenzip.wcx</Path>
        <Flags>4</Flags>
      </WcxPlugin>
      <WcxPlugin Enabled="True">
        <ArchiveExt>lha</ArchiveExt>
        <Path>%commander_path%\plugins\wcx\sevenzip\sevenzip.wcx</Path>
        <Flags>4</Flags>
      </WcxPlugin>
      <WcxPlugin Enabled="True">
        <ArchiveExt>lzh</ArchiveExt>
        <Path>%commander_path%\plugins\wcx\sevenzip\sevenzip.wcx</Path>
        <Flags>4</Flags>
      </WcxPlugin>
      <WcxPlugin Enabled="True">
        <ArchiveExt>ntfs</ArchiveExt>
        <Path>%commander_path%\plugins\wcx\sevenzip\sevenzip.wcx</Path>
        <Flags>4</Flags>
      </WcxPlugin>
      <WcxPlugin Enabled="True">
        <ArchiveExt>squashfs</ArchiveExt>
        <Path>%commander_path%\plugins\wcx\sevenzip\sevenzip.wcx</Path>
        <Flags>4</Flags>
      </WcxPlugin>
      <WcxPlugin Enabled="True">
        <ArchiveExt>taz</ArchiveExt>
        <Path>%commander_path%\plugins\wcx\sevenzip\sevenzip.wcx</Path>
        <Flags>4</Flags>
      </WcxPlugin>
      <WcxPlugin Enabled="True">
        <ArchiveExt>vhd</ArchiveExt>
        <Path>%commander_path%\plugins\wcx\sevenzip\sevenzip.wcx</Path>
        <Flags>4</Flags>
      </WcxPlugin>
      <WcxPlugin Enabled="True">
        <ArchiveExt>wim</ArchiveExt>
        <Path>%commander_path%\plugins\wcx\sevenzip\sevenzip.wcx</Path>
        <Flags>85</Flags>
      </WcxPlugin>
      <WcxPlugin Enabled="True">
        <ArchiveExt>xar</ArchiveExt>
        <Path>%commander_path%\plugins\wcx\sevenzip\sevenzip.wcx</Path>
        <Flags>4</Flags>
      </WcxPlugin>
      <WcxPlugin Enabled="True">
        <ArchiveExt>z</ArchiveExt>
        <Path>%commander_path%\plugins\wcx\sevenzip\sevenzip.wcx</Path>
        <Flags>4</Flags>
      </WcxPlugin>
      <WcxPlugin Enabled="True">
        <ArchiveExt>rpm</ArchiveExt>
        <Path>%commander_path%\plugins\wcx\rpm\rpm.wcx</Path>
        <Flags>4</Flags>
      </WcxPlugin>
      <WcxPlugin Enabled="True">
        <ArchiveExt>rar</ArchiveExt>
        <Path>%commander_path%\plugins\wcx\unrar\unrar.wcx</Path>
        <Flags>607</Flags>
      </WcxPlugin>
      <WcxPlugin Enabled="True">
        <ArchiveExt>zst</ArchiveExt>
        <Path>%commander_path%\plugins\wcx\zip\zip.wcx</Path>
        <Flags>91</Flags>
      </WcxPlugin>
      <WcxPlugin Enabled="True">
        <ArchiveExt>b64</ArchiveExt>
        <Path>%commander_path%\plugins\wcx\base64\base64.wcx</Path>
        <Flags>1</Flags>
      </WcxPlugin>
      <WcxPlugin Enabled="True">
        <ArchiveExt>zip</ArchiveExt>
        <Path>%commander_path%\plugins\wcx\zip\zip.wcx</Path>
        <Flags>607</Flags>
      </WcxPlugin>
    </WcxPlugins>
    <WdxPlugins>
      <WdxPlugin>
        <Name>deb_wdx</Name>
        <Path>%commander_path%\plugins\wdx\deb_wdx\deb_wdx.wdx</Path>
        <DetectString>EXT="DEB"</DetectString>
      </WdxPlugin>
      <WdxPlugin>
        <Name>rpm_wdx</Name>
        <Path>%commander_path%\plugins\wdx\rpm_wdx\rpm_wdx.wdx</Path>
        <DetectString>EXT="RPM"</DetectString>
      </WdxPlugin>
      <WdxPlugin>
        <Name>audioinfo</Name>
        <Path>C:\Program Files\doublecmd\plugins\wdx\audioinfo\audioinfo.wdx</Path>
        <DetectString>(EXT="MP3") | (EXT="MP2") | (EXT="MP1") | (EXT="OGG") | (EXT="WMA") | (EXT="WAV") | (EXT="VQF") | (EXT="AAC") | (EXT="APE") | (EXT="MPC") | (EXT="FLAC") | (EXT="CDA") | (EXT="TTA") | (EXT="AC3") | (EXT="DTS") | (EXT="WV") | (EXT="WVC") | (EXT="OFR") | (EXT="OFS") | (EXT="M4A") | (EXT="MP4")</DetectString>
      </WdxPlugin>
    </WdxPlugins>
    <WfxPlugins>
      <WfxPlugin Enabled="True">
        <Name>FTP</Name>
        <Path>%commander_path%\plugins\wfx\ftp\ftp.wfx</Path>
      </WfxPlugin>
      <WfxPlugin Enabled="True">
        <Name>WebDAV</Name>
        <Path>%commander_path%\plugins\wfx\davplug\davplug.wfx64</Path>
      </WfxPlugin>
      <WfxPlugin Enabled="True">
        <Name>Secure FTP</Name>
        <Path>%commander_path%\plugins\wfx\sftpplug\sftpplug.wfx64</Path>
      </WfxPlugin>
    </WfxPlugins>
    <WlxPlugins>
      <WlxPlugin Enabled="True">
        <Name>preview</Name>
        <Path>%commander_path%\plugins\wlx\preview\preview.wlx</Path>
        <DetectString>(EXT="HTM")|(EXT="HTML")|(EXT="MHT")|(EXT="MHTML")</DetectString>
      </WlxPlugin>
      <WlxPlugin Enabled="True">
        <Name>wmp</Name>
        <Path>%commander_path%\plugins\wlx\wmp\wmp.wlx</Path>
        <DetectString>(EXT="WAV")|(EXT="MP3")|(EXT="WMA")|(EXT="MP4")|(EXT="AVI")|(EXT="WMV")</DetectString>
      </WlxPlugin>
      <WlxPlugin Enabled="True">
        <Name>richview</Name>
        <Path>%commander_path%\plugins\wlx\richview\richview.wlx</Path>
        <DetectString>EXT="RTF"</DetectString>
      </WlxPlugin>
    </WlxPlugins>
    <TweakPluginWidth0>0</TweakPluginWidth0>
    <TweakPluginHeight0>0</TweakPluginHeight0>
    <TweakPluginWidth1>434</TweakPluginWidth1>
    <TweakPluginHeight1>353</TweakPluginHeight1>
    <TweakPluginWidth2>0</TweakPluginWidth2>
    <TweakPluginHeight2>0</TweakPluginHeight2>
    <TweakPluginWidth3>410</TweakPluginWidth3>
    <TweakPluginHeight3>167</TweakPluginHeight3>
    <TweakPluginWidth4>0</TweakPluginWidth4>
    <TweakPluginHeight4>0</TweakPluginHeight4>
    <AutoTweak>False</AutoTweak>
    <WCXConfigViewMode>0</WCXConfigViewMode>
    <PluginFilenameStyle>0</PluginFilenameStyle>
    <PluginPathToBeRelativeTo>%COMMANDER_PATH%</PluginPathToBeRelativeTo>
  </Plugins>
  <MultiRenamePresets>
    <LastPreset>{BC322BF1-2185-47F6-9F99-D27ED1E23E53}</LastPreset>
    <Presets>
      <Preset>
        <Name>{BC322BF1-2185-47F6-9F99-D27ED1E23E53}</Name>
        <Filename>201-grafana-[C]</Filename>
        <Extension>[E]</Extension>
        <FilenameStyle>0</FilenameStyle>
        <ExtensionStyle>0</ExtensionStyle>
        <Find/>
        <Replace/>
        <RegExp>False</RegExp>
        <UseSubs>False</UseSubs>
        <CaseSensitive>False</CaseSensitive>
        <OnlyFirst>False</OnlyFirst>
        <Counter>1</Counter>
        <Interval>1</Interval>
        <Width>0</Width>
        <Log>
          <Enabled>False</Enabled>
          <Append>False</Append>
          <File>c:\Users\dev\Downloads\default.log</File>
        </Log>
      </Preset>
    </Presets>
  </MultiRenamePresets>
  <Differ>
    <Colors>
      <Added>11206570</Added>
      <Deleted>11184895</Deleted>
      <Modified>16755370</Modified>
      <Binary>
        <Modified>255</Modified>
      </Binary>
    </Colors>
    <IgnoreCase>False</IgnoreCase>
    <KeepScrolling>True</KeepScrolling>
    <PaintBackground>True</PaintBackground>
    <LineDifferences>False</LineDifferences>
    <IgnoreWhiteSpace>False</IgnoreWhiteSpace>
    <AutoCompare>True</AutoCompare>
  </Differ>
</doublecmd>
